Probe,Gene,logFC
1565612_at,"HSPA6, HSPA7, NA",-1.8686403446929176
201019_s_at,"GUCA1ANB-GUCA1A, GUCA1A",-1.8315249843692067
1556102_x_at,CCL5,-1.776019261039421
1565621_at,EPHB3,-1.7651229668755488
47571_at,VPS18,-1.7292297892230113
235845_at,SLC46A1,-1.7262746898108632
1565836_at,TMEM196,-1.7156440228861367
1559005_s_at,SLC39A13,-1.7135732478767542
230283_at,BEST4,-1.7131193122033688
1565731_at,TMEM106A,-1.710812138806745
227798_at,GIMAP1,-1.7020103028590665
204013_s_at,GIMAP1,-1.701376066713291
217047_s_at,CCDC65,-1.696732294626799
210993_s_at,CENPBD1P,-1.690107118097188
217039_x_at,TRIOBP,-1.690078312242839
213421_x_at,GSC,-1.6874958713647648
231501_at,SP7,-1.6871226671399657
208609_s_at,CRYZL1,-1.679887583756843
224151_s_at,PRSS33,-1.6778756258837004
216500_at,CBARP,-1.6751859308943744
215609_at,MCMDC2,-1.674950799970891
237964_at,TIRAP,-1.6745272917659988
1554181_at,MSI2,-1.6739271597138103
216671_x_at,SCIN,-1.6736619933937167
200933_x_at,CTCFL,-1.6725940761676192
213157_s_at,RDH10,-1.6686186249960921
214678_x_at,SRSF12,-1.6675542143499502
201165_s_at,GARIN4,-1.6661043486921965
213864_s_at,GAPT,-1.6658579045918038
1570014_at,SCUBE1,-1.6657741684971044
230191_at,ENTHD1,-1.6636606893567327
200644_at,CLEC12A,-1.6626789077747113
216342_x_at,BRF1,-1.6623640878752295
200998_s_at,ODF4,-1.6574837590281004
201016_at,"DEFB106B, DEFB106A",-1.6547551935064864
221002_s_at,NEDD1,-1.653107557730712
211076_x_at,"NA, CALR3",-1.651911494295439
213955_at,TM2D3,-1.650270660167775
1559713_at,ANKAR,-1.646114559598395
219351_at,MEGF11,-1.6459813491278141
227376_at,ESX1,-1.6442576015668913
232240_at,FAM167A-AS1,-1.6441406545876056
237191_x_at,"SCGB1C2, SCGB1C1",-1.6423759454710578
240535_at,WDR88,-1.6422885773635376
1554819_a_at,"MBD3L5, MBD3L4, MBD3L2, MBD3L3, MBD3L2B",-1.6414746531034394
1553780_at,TENT5D,-1.6400443649788323
242959_at,LINC00161,-1.6398566069089637
243095_at,ABHD11,-1.6362770593708338
219343_at,GAMT,-1.6358088569277187
208655_at,"NA, IRF6",-1.6356282720224995
235297_at,PTPRC,-1.6336996871155889
240393_at,LACTB,-1.631039351875908
201017_at,BNC1,-1.6304409135661815
209686_at,MPP4,-1.629499625305192
216929_x_at,IDI2,-1.627387007603502
1570444_at,FRAS1,-1.6248945636535603
217328_at,KCNE4,-1.6233301164191398
213347_x_at,CD300LG,-1.6231941422298537
212158_at,HIPK1,-1.618024088140793
216873_s_at,ACVR1C,-1.615430790193932
200945_s_at,TIGD4,-1.6131866901538725
239528_at,ART5,-1.612352691268805
217573_at,ATP6V1C2,-1.6114551907251387
200023_s_at,CLDN19,-1.611063048388983
1554869_at,KIF6,-1.6107129964679336
203933_at,STON2,-1.609882770417169
202973_x_at,LETM2,-1.6090527740844498
219170_at,CLEC4C,-1.6081947168894877
216539_at,NLRC4,-1.6078707506114804
242788_at,PRSS36,-1.6073245008105037
202865_at,ZDHHC15,-1.6072967271415866
233470_at,RAI1,-1.6072599090630657
65635_at,CDK15,-1.6072380068330523
244634_at,ZNF570,-1.6072241729912617
1561871_at,NA,-1.6070796380427212
1558046_x_at,NUDT9P1,-1.6065434565742616
212967_x_at,BTBD16,-1.6064452346329168
1558934_a_at,RTP3,-1.606247966368885
1564129_a_at,RTP3,-1.606204649894706
1555631_at,MIPOL1,-1.6047608632823198
242209_at,C6orf141,-1.604725242292337
216137_s_at,"ALMS1P1, ALMS1",-1.6045103651592516
210558_at,ADAM21,-1.6033980881854903
236636_at,ABCC13,-1.6013419473777832
207719_x_at,IL12RB1,-1.600822593006104
1569767_at,CNBD1,-1.599353112719187
207283_at,PXT1,-1.5984891282749822
242029_at,CACNG5,-1.596877498138793
241180_at,LINC00308,-1.5965348305962899
210990_s_at,LINC00308,-1.5961675350262179
1555321_at,"IFNL3, IFNL2",-1.5947558349892206
239083_at,CDC42SE2,-1.5933068652722406
1558868_a_at,COP1,-1.592603093908991
226255_at,"NA, SRCAP",-1.5883122777038134
236119_s_at,MAP3K6,-1.5875833558679633
206142_at,KLHDC7B,-1.5840919288828772
238708_at,TNFRSF10A,-1.5814576393692086
218081_at,UHMK1,-1.580188814627734
237696_at,TXNDC2,-1.5794255995162259
1570536_at,NAV3,-1.5790411097585704
1553403_at,C5orf22,-1.5787375994777992
216409_at,PCDHGB7,-1.57825602759452
205191_at,PCDHGB7,-1.578031931468886
230819_at,ERC1,-1.5779689035445674
235750_at,Unknown,-1.5766183201763233
1554559_at,GRHL1,-1.5719458837502698
212263_at,CASKIN1,-1.5711426648866516
203139_at,ARL11,-1.5710979495585324
213492_at,DUSP19,-1.5663023884088103
240378_at,SPEF2,-1.5648289583810042
1560213_at,"CEP170P1, CEP170",-1.5644228624296155
235061_at,DTD1,-1.564191597646062
238245_at,FGF1,-1.5639143150914838
208695_s_at,RHOXF1,-1.5636446486402893
242804_at,ADAMTS17,-1.5634740350541008
240584_at,DHH,-1.5630657455584214
1560883_s_at,RICTOR,-1.562266744257309
217627_at,Unknown,-1.562092429046274
206132_at,WWP2,-1.5609123310885238
1558233_s_at,ST7L,-1.5598912978033597
1560744_at,KCNH8,-1.5576803405763597
1558437_at,MCF2L,-1.5574378519692338
222696_at,SLCO6A1,-1.5571462077808484
1566934_at,KLC3,-1.5562715999273389
234438_at,CADM2,-1.555746772532466
1557008_at,DOCK8-AS1,-1.5554994582117814
1553268_at,DOCK8-AS1,-1.55494680788853
200080_s_at,SLC16A11,-1.5534805543764352
213604_at,TMEM67,-1.553222973158436
226976_at,CAMKK1,-1.5527059625885946
211783_s_at,ZNF625,-1.5526520523761087
201018_at,ZNF563,-1.5525693770535938
213507_s_at,GPRC6A,-1.5509483822603478
216019_x_at,"NA, RAET1E",-1.5508472685360746
223591_at,SLC44A5,-1.5503034756214804
1562004_x_at,ZNF417,-1.549988373221539
1555550_at,HELB,-1.5497847586718725
224949_at,SEC62,-1.5495261773279119
234317_s_at,SEC62,-1.5493324415100511
202610_s_at,TSNARE1,-1.5474747370875088
234526_at,CAPN13,-1.5474111461774003
1561082_at,STMN1,-1.5468195621629008
224429_x_at,SIGLEC10,-1.5467211046155007
1564211_at,SIGLEC10,-1.5466361974712441
1568375_at,WFIKKN1,-1.5458985467476867
231180_at,KLF14,-1.5452459085698678
1563721_at,NXNL2,-1.544947647742787
214590_s_at,ZNF396,-1.5445406585458121
1566670_at,SLC26A7,-1.5443874919880127
216688_at,SNX18,-1.5439144058616705
238324_at,B3GNT6,-1.5434283719700366
233016_at,B3GNT6,-1.5433428329004657
217800_s_at,ZNF619,-1.542427327971421
208752_x_at,GARIN2,-1.5423216228121073
233439_at,BCL2L14,-1.5421386572009788
1558546_at,HS6ST3,-1.5420134393584208
220357_s_at,SLC26A1,-1.5418563081713454
235824_at,PTCHD1,-1.541162776150066
218510_x_at,M1AP,-1.5410988611048273
1553385_at,ZSCAN4,-1.5406481006094002
228057_at,VWA5B1,-1.539496585921658
217019_at,LINC00311,-1.539364860931874
1565576_at,HTR6,-1.539109366593741
216676_x_at,MAGEB6,-1.5390633816818695
1569188_s_at,RUSC1-AS1,-1.5387195851161333
52255_s_at,ASMTL-AS1,-1.5369069357629104
1553702_at,LINC00334,-1.5348991747134428
34063_at,LINC00334,-1.5348910330552037
71933_at,EXOC3L2,-1.5330508295633554
244800_x_at,CAMK2N2,-1.532873565741098
1555697_at,Unknown,-1.5319414438619154
1559578_at,NETO1,-1.5311887093843801
1555994_at,FMR1NB,-1.5309289164783644
234405_s_at,GCSAML,-1.530806788967167
233849_s_at,SIGLEC11,-1.5303985993994567
1554305_at,MAGEB18,-1.5298068351494636
1567622_at,RIMS1,-1.5279373221949766
1553728_at,TAB3,-1.5272442363060839
219103_at,MMEL1,-1.5269664338988358
1558248_at,ZIC5,-1.5254306873831223
200073_s_at,TRIM67-AS1,-1.5250979552194874
1554886_a_at,GABRG1,-1.5249163361290092
200626_s_at,PANX2,-1.5248009278996955
232775_at,ZNF114,-1.524039430251508
213299_at,RBMY2FP,-1.5236372962124582
207494_s_at,NEUROD2,-1.52348304640221
231305_at,LINC02899,-1.5234558153775262
1561019_at,LINC00208,-1.52343586977066
1565947_a_at,DNAH6,-1.5232550469145703
228194_s_at,ZMYM6,-1.5211041694240648
206330_s_at,LINC02551,-1.520304916946883
1563235_at,WNT9B,-1.5199589951151307
216139_s_at,NA,-1.5196732393220678
1553493_a_at,CNPY3,-1.5190723399771404
201589_at,SCAMP1,-1.5188654719038868
205359_at,HAS3,-1.5183933106377192
220450_at,NA,-1.517292278321555
212154_at,IL27,-1.5166936448008077
1557954_at,PKHD1,-1.5160290497815103
213644_at,PKD1L1,-1.5156597495962318
241181_x_at,TAF1L,-1.515033934724618
1564897_at,CNTNAP5,-1.5149449804274362
217894_at,Unknown,-1.513703579484663
38691_s_at,KLHL4,-1.5136770676288531
243459_x_at,SUOX,-1.5135004232781364
240742_at,SYTL5,-1.5124916786757618
221966_at,SDCCAG8,-1.5121477441225686
1563834_a_at,WFDC13,-1.5079919158491695
1566002_at,SERPINB12,-1.5075936583151384
230369_at,GIPC3,-1.5074541183245562
206851_at,MOGAT1,-1.506010992373458
207028_at,H1-8,-1.505716323550381
1569991_at,Unknown,-1.5053167908494587
34225_at,MYOZ3,-1.505140172607512
1557919_a_at,MYOZ3,-1.504933858121587
1552468_a_at,BNIPL,-1.5044949652143194
232513_x_at,NA,-1.5031876915197122
1559228_at,SDR9C7,-1.5019633728869837
207463_x_at,OR5P3,-1.5016245724530597
242178_at,CRYGN,-1.5008400541551945
234537_at,C11orf40,-1.4999175534135953
1568590_at,TAC4,-1.4990175139726838
205563_at,DSG2,-1.498466824158276
1558045_a_at,PTK6,-1.4973928729498507
234425_at,THEM4,-1.4970870287167029
217345_at,CLSPN,-1.4970625853933566
238583_at,RBAK,-1.4970565952767196
224300_x_at,SLC39A12,-1.4964873038000446
215484_at,NA,-1.495565273461289
1553094_at,C9orf72,-1.4944281502813994
1569502_s_at,KLF11,-1.4937865122025487
237397_at,"LACC1, NA",-1.4928119062854395
226082_s_at,Unknown,-1.4927237553006942
206435_at,RANBP3L,-1.491765614991129
206745_at,SNX13,-1.4917187781073245
221408_x_at,KDM1B,-1.4916454800561771
1562239_at,ATP6V0D2,-1.4914014278996472
213583_x_at,ATP6V0D2,-1.4911166846405646
234403_at,ADPRHL1,-1.4900030282942216
219915_s_at,LRRN4,-1.4892947229693458
1557656_at,LRRN4,-1.4892762707765936
217107_at,ZNF777,-1.4892503174250094
209134_s_at,JPH2,-1.4890037607045998
1558787_a_at,ADAMTS19,-1.488244939051775
237694_at,ADAMTS19,-1.4880147921248357
1561269_at,Unknown,-1.487339271939577
202881_x_at,Unknown,-1.487250444594953
231378_at,PARD3B,-1.48723623497032
1552295_a_at,NEGR1,-1.4865859472083134
200943_at,DCAF4L2,-1.4863184502709763
1570480_s_at,STOX1,-1.4860715185595712
242589_x_at,CRMA,-1.4859797980847025
229887_at,KRT78,-1.4855905360567125
229365_at,FAM117B,-1.4836400676848205
1566501_at,OXER1,-1.4829915157068951
206372_at,LUZP1,-1.4828055106257165
206971_at,BRWD1,-1.4826195336480148
1552576_at,RMDN2,-1.481553996853146
223820_at,ADAMTS18,-1.4815512177531727
1553412_at,FAM124A,-1.4810250289361688
203203_s_at,NKAIN3,-1.4809910655331038
222423_at,ITIH5,-1.4802469036207955
210577_at,SMC1B,-1.4795222742093903
223432_at,MAGEE2,-1.479495612702708
215944_at,ERVV-1,-1.479193008452827
219223_at,FLJ30679,-1.4789016980459198
231799_at,Unknown,-1.4788493492121826
201510_at,UTS2R,-1.4785054294514013
224660_at,SLC36A1,-1.4771818439126372
201496_x_at,UMODL1-AS1,-1.4756258146303693
234938_at,RSKR,-1.4749628564691515
211225_at,ADGRG7,-1.4745113632323283
238003_at,TMEM182,-1.4741392233095452
242832_at,CASP8,-1.4736970953162876
210737_at,Unknown,-1.4734945380228976
237583_at,MIR646HG,-1.4733523032279991
241715_x_at,"NA, SLC5A3",-1.4733507518311053
1566201_at,KIF19,-1.4732403813250676
234651_at,SLFNL1,-1.4729796912009676
229547_s_at,RIBC1,-1.472149432545236
1559870_at,CDC14C,-1.4720323151065389
1553081_at,RXFP2,-1.4711073146976374
1570630_at,BEND7,-1.4710182057728012
1568929_at,BASP1-AS1,-1.4696264501856076
236630_at,KCNA6,-1.4688625920928966
239676_x_at,NFX1,-1.4687775647765304
244573_at,ARID2,-1.4687630854081704
1562849_at,FGF13,-1.4677789198655742
224821_at,FBXL18,-1.4675512030658469
217379_at,DNAH6,-1.4674890555264728
233352_at,PNPLA1,-1.4672621426111365
201628_s_at,NIBAN3,-1.466656295838339
207248_at,WDR64,-1.466347962653111
1561481_at,Unknown,-1.4662383673741393
238199_x_at,BTBD9,-1.4661582147829064
220853_at,LINC01101,-1.4659173197081103
1563360_at,CALHM4,-1.4655896343633104
1560917_at,"EFCAB3P1, EFCAB3, HILPDA-AS1",-1.464487621616772
244824_at,TFAP2B,-1.464402502916722
225353_s_at,CD200R1,-1.4641955422846633
1565611_at,Unknown,-1.4640217608845107
1554341_a_at,HFE,-1.4631368043999389
1554646_at,CSMD1,-1.4629223962795854
211314_at,SALL3,-1.462152657363062
200655_s_at,AGBL4,-1.461832787183962
243614_s_at,CNTNAP5,-1.4604979334092343
229014_at,REDIC1,-1.460078540866346
1564600_a_at,LY86-AS1,-1.4599168879367057
1563868_a_at,EDARADD,-1.4595755144300375
225502_at,"NA, OTOA, OTOAP1",-1.4595109835804851
220186_s_at,C18orf15,-1.459149351567371
205031_at,CNTNAP4,-1.458613546780934
230131_x_at,"CNTNAP4, NA",-1.458447628150209
233414_at,C1orf127,-1.457725084441859
210016_at,NA,-1.457637707720214
241610_x_at,LINC00304,-1.4572631688324131
206266_at,ASB14,-1.4569837625272737
1555222_a_at,FEZ1,-1.45669557667641
233837_at,LINC00269,-1.4566205851256246
211009_s_at,VSTM4,-1.4563873731249672
224819_at,FAM9B,-1.4558334455966082
237236_x_at,Unknown,-1.455765008915782
221948_s_at,DCAF8L2,-1.4555582073589
243152_at,HYDIN,-1.4555464852908284
203480_s_at,DNAH17,-1.4553839696467703
212277_at,SLC35G3,-1.4552720215732908
244554_at,LINC01931,-1.455115476720304
235245_at,TSGA10IP,-1.4543419290894262
211388_s_at,LINC00477,-1.454170508771699
1563639_a_at,C17orf78,-1.4535720370086525
228310_at,KSR2,-1.4531745883339202
218694_at,PAX1,-1.4530317715084666
1563053_at,TDH,-1.4529630858482498
1556460_a_at,Unknown,-1.4528445813318314
225301_s_at,PALM2AKAP2,-1.4523289782194737
244225_x_at,MRGPRX4,-1.4520877358582396
1553366_s_at,A2ML1,-1.4519355242965013
235269_at,GPR6,-1.4517460728302136
221672_s_at,GJD3,-1.4513159769100359
216402_at,HOXC12,-1.4512819306125022
1564701_at,VNN3P,-1.4510690312484131
230683_at,VNN3P,-1.4510072614601253
200624_s_at,FERD3L,-1.4507716808059619
244161_at,"DEFT1P2, NA, DEFT1P",-1.4502523079903378
1562730_a_at,DGKB,-1.4498121874203092
226522_at,NLRP8,-1.4497190350875058
201254_x_at,TAS1R2,-1.4493677955272848
1563048_at,JPH1,-1.4489348213709963
1559699_at,NLRP10,-1.448559732503045
1567985_at,"MT-CO1, MTCO1P12",-1.4481163413200815
208753_s_at,GPR101,-1.4479578882731943
207911_s_at,ILDR1,-1.4479193590686485
223696_at,VN1R5,-1.4476694196099633
221197_s_at,TAAR8,-1.4473152793859592
201631_s_at,TAS2R40,-1.4466413847698394
1569736_at,TAS2R41,-1.4466386630274728
1569629_x_at,Unknown,-1.4456915630781384
206047_at,MACROD2,-1.4456341384327815
222422_s_at,DDAH1,-1.4455754444930606
222167_at,PIANP,-1.445350502019122
1560149_at,"MT-TD, MT-CO2, MT-TK, MT-ATP8, MT-ATP6, MTCO2P12, MTATP8P1, MTATP6P1",-1.4453059346165167
203219_s_at,H1-6,-1.4450543691183053
1552436_a_at,"MT-CO1, MT-TD, MT-CO2",-1.4446258621455736
223176_at,CYGB,-1.4446076226830336
225846_at,IFNE,-1.4444428399923634
1553726_s_at,SREK1IP1,-1.4442629386121637
238098_at,THRSP,-1.4440507986960154
233890_at,"NA, MAGEA5P",-1.4438322245156365
240514_at,POLE4,-1.4437247899170977
203603_s_at,"MT-ATP6, MT-CO3, MT-TG, MT-ND3, MT-TR, MT-ND4L",-1.4435344743500775
230132_at,"NA, FAM27E3",-1.4432160449571616
240357_at,Unknown,-1.4431999878727457
219310_at,TAL2,-1.4430767397524484
41856_at,SYCP3,-1.442993961699397
218712_at,ATL2,-1.4425650628592144
AFFX.DapX.3_at,KLHL35,-1.4415076302014558
209800_at,FOXC1,-1.4413030909081868
1553872_at,"TRIM43CP, TRIM43, TRIM43B, NA",-1.440938019570786
208553_at,TRIM42,-1.440711970789017
203917_at,FSIP1,-1.4406660144646757
220826_at,FAM98B,-1.4404200434711623
1554728_at,EFCAB13,-1.4402069041538312
207933_at,CABCOCO1,-1.4401779596229423
211104_s_at,"SLC9B1P4, SLC9B1P1, SLC9B1P3, SLC9B1, NA",-1.4401642974816742
204718_at,TMCO5A,-1.439632308526557
216416_at,PPARGC1B,-1.4394931010086855
243656_at,XKR6,-1.4394737104441293
1562231_at,TSGA13,-1.4394727958412306
201832_s_at,SYNE3,-1.4392578231568978
216023_at,HDX,-1.4391764927695465
226695_at,CDYL2,-1.439121118697198
218411_s_at,C18orf54,-1.438965039694722
244472_at,C18orf54,-1.438808786578498
1568755_a_at,SYT14,-1.4387518976949174
208841_s_at,CDC20B,-1.4385344827480966
217748_at,TECTB,-1.4384888734455374
1569585_at,VWA3A,-1.4383671246130973
221110_x_at,HUS1B,-1.4381251704655547
222937_s_at,NPB,-1.437925433008447
216823_at,LRCH3,-1.4377836994798885
213025_at,ENAH,-1.4373662003172367
244828_x_at,STK35,-1.4373643575212836
233700_at,PRF1,-1.4364422730309
1561128_at,FBXL14,-1.4363951380971893
224297_s_at,PPIL6,-1.4361667565578748
231635_x_at,METTL6,-1.435825482609603
242696_at,B3GALNT2,-1.4354657194651406
218445_at,CBR4,-1.4354652642113506
217559_at,ZNF569,-1.435425129822139
1561850_at,CCSAP,-1.4353892043465275
212887_at,DUSP18,-1.4353187134649499
233731_at,ZNF697,-1.4353074165075113
1555707_at,ZNF791,-1.4351940600515813
235953_at,ZNF791,-1.4351819724783492
242933_at,CHRM3,-1.4350975299422535
218532_s_at,HTRA4,-1.4349442034596303
1562601_at,LINC00525,-1.4349210304831121
212284_x_at,FAM218A,-1.433973134230722
219614_s_at,RHEBL1,-1.433782934004432
228508_at,MCRIP2,-1.4336118643494304
242806_at,RNF152,-1.4325881283743984
1552586_at,ADGRG3,-1.4322899781122684
1569739_at,TBC1D32,-1.4320681323480633
218786_at,"LRRC43, B3GNT4",-1.4313868560751117
1567986_at,ZFC3H1,-1.4308961446440984
207771_at,IRAK2,-1.4308848904684817
1554787_at,Unknown,-1.430049945698465
1561499_at,FAM76B,-1.4299880335608588
204911_s_at,PRR14L,-1.4295430694000064
AFFX.DapX.5_at,KLHL32,-1.4291822847014484
223144_s_at,SLAMF9,-1.4289356110484777
229729_at,GK5,-1.4287770441134855
210602_s_at,VESTAR,-1.428676461265209
1561370_at,BLTP1,-1.428088442007152
1555443_at,SILC1,-1.42797860027552
237078_at,FBXL13,-1.4274194473875412
1567334_at,DTD2,-1.4267483230388174
1569274_at,SOX3,-1.4265646261205396
1560868_s_at,NKX2-3,-1.4256837077473092
217858_s_at,FAM222A-AS1,-1.4255647005579806
213754_s_at,TCEANC,-1.4250664576373366
220347_at,Unknown,-1.4250573255767374
1563961_at,Unknown,-1.4250406596679455
215899_at,Unknown,-1.4249908035315095
231903_x_at,RTP1,-1.4248632524884604
1553205_at,NXPE1,-1.4247381108531674
235180_at,"MAGEA2B, MAGEA2",-1.424421795124001
AFFX.r2.Bs.dap.M_at,COL6A5,-1.4242315469425237
234048_s_at,PGAM5,-1.4242254569496917
226071_at,CCDC149,-1.4230932766964082
222078_at,C10orf67,-1.4229564609074439
1552383_at,C10orf67,-1.4229339569481265
220208_at,C10orf67,-1.4226746325848771
233200_at,CBY2,-1.4225469627166842
231196_x_at,CCDC26,-1.4225308677058115
229407_at,SPIC,-1.4223176405765232
50314_i_at,VPS13B,-1.4217806654943648
232246_at,IGSF22,-1.421438374243232
210263_at,DCST1,-1.420859416223017
201701_s_at,TCP11L2,-1.4207148821987357
203365_s_at,GPR26,-1.4205206139786797
1552796_a_at,GPR26,-1.4204982814913758
242242_at,KLHL34,-1.4201416579398791
1557457_at,ZSCAN10,-1.4200720048052557
208127_s_at,"GOT1L1, NA",-1.4195753238346078
1558340_at,RBM48,-1.4194715909097535
1570025_at,LINC00504,-1.4193750179398228
46947_at,LDHAL6A,-1.4187178281031139
227520_at,NTN5,-1.4186767965574212
214104_at,TEKTL1,-1.4184230931175972
1564552_at,Unknown,-1.4181713341428774
212759_s_at,C11orf42,-1.4181705731642327
209444_at,"NA, POM121L9P, POM121L15P",-1.4178588793180542
216578_at,ZNF486,-1.417844794510897
200999_s_at,FGD2,-1.4177443337835431
1566956_at,"NBPF6, NBPF4",-1.417336739851243
226846_at,NA,-1.4171404009688275
210177_at,SHOC1,-1.415223257340979
1570108_at,C7orf33,-1.4151100046742846
1557244_a_at,Unknown,-1.4148329880736783
242660_at,LRRC28,-1.4145321688286998
216036_x_at,GATD1-DT,-1.4144005470754737
1562144_at,MIA2,-1.413749213469478
236934_at,GPHB5,-1.4135264296193542
223979_x_at,NA,-1.4134006020005299
1556374_s_at,ALG14,-1.4132805297657038
226771_at,B3GALT6,-1.4127506801812584
33322_i_at,SNX21,-1.412666310377035
220913_at,SNX21,-1.4126481210735016
234092_s_at,Unknown,-1.4121883993210949
236913_at,Unknown,-1.4121725203522177
217606_at,"ADAT3, SCAMP4",-1.4121680669508605
240837_at,"ADAT3, SCAMP4",-1.4120676418544287
AFFX.r2.Bs.dap.3_at,"CBS, NA",-1.4119542988039167
1569448_at,SPINK6,-1.4119042997550795
226314_at,C22orf39,-1.4118181826602614
220543_at,Unknown,-1.4112822237282683
243228_at,DTYMK,-1.4112255056380691
211201_at,MAPKAPK5-AS1,-1.4110904908276247
238352_s_at,NBR2,-1.4105323944876376
224936_at,ASPHD1,-1.410165406630918
233795_at,"DMRTC1B, DMRTC1",-1.4101326801034904
1553443_at,TRIM37,-1.41006346068914
243100_at,ARHGEF28,-1.4100383935690495
201486_at,ARHGEF28,-1.4099791372688388
211943_x_at,LLGL2,-1.4099115077667577
1567257_at,ZNF483,-1.4098061219837061
236666_s_at,OSMR,-1.4096291555670888
222083_at,RSPO2,-1.409310900447507
203786_s_at,BICD1,-1.4083931091366264
230445_at,SKIC3,-1.4075053370312607
1560978_at,ARSB,-1.4073230313706995
227388_at,ARSB,-1.407191898448181
1553188_s_at,FRMD4A,-1.4071384243011387
232839_at,ZBTB24,-1.4069757599472992
220506_at,TMEM239,-1.4067921181312917
223250_at,"NA, TMEM239",-1.4067184700890214
1556015_a_at,ZNF670,-1.4065346632603042
237072_at,TXNDC9,-1.40613293635709
221198_at,CNOT1,-1.4056518976557761
214451_at,SPTLC1,-1.4055043277510166
213613_s_at,ASH1L-AS1,-1.4051872917057475
220491_at,XG,-1.4045361652894457
230646_at,MVB12B,-1.4043591238131687
204935_at,KICS2,-1.4041491177107364
207545_s_at,EPHA8,-1.4039944157631443
231306_at,SLFNL1,-1.403564177111159
238232_at,GALNT18,-1.4029469727641277
237665_at,NOL9,-1.4026857532694585
214175_x_at,DDX51,-1.4023835300055811
1569536_at,TUBGCP3,-1.4022216989436584
224207_x_at,TIRAP,-1.4016182102231345
211428_at,ENTPD5,-1.4013659876886764
221846_s_at,SPIN3,-1.4004798977474204
216832_at,SPIN3,-1.4000655151620125
1552768_at,TMTC4,-1.3998968358958337
1565751_at,TMEM185A,-1.3992985246724097
211726_s_at,SLC4A8,-1.3989854560504826
213477_x_at,SSH2,-1.3988845948808926
238132_at,HSD17B12,-1.3986064733879644
AFFX.DapX.M_at,ADIG,-1.3979754930579424
201132_at,CCSER2,-1.3978839711723974
243720_at,DNAI4,-1.3974429087117048
238322_s_at,SUGT1P3,-1.3969284016939585
203898_at,"CFAP91, NA",-1.3966896286503934
202888_s_at,"SLC33A1, NA",-1.3962734663067107
1555553_a_at,CLDND1,-1.3961896432686072
202611_s_at,PHF21A,-1.3959194729323867
228044_at,WFDC8,-1.3955768456136959
205137_x_at,WFDC8,-1.3953086982206508
241640_at,ZMYND11,-1.3952718129265362
234760_at,ZMYND11,-1.3952384002095921
212262_at,ZMYM3,-1.3945581913509344
202173_s_at,ZMYM3,-1.3944614069334542
216700_at,HYCC2,-1.3938163710945417
1563485_at,"SLURP2, LYNX1-SLURP2",-1.3937306390172837
211469_s_at,SNX32,-1.3936716769832198
1555264_a_at,"TRIM74, TRIM73",-1.3936533298382594
239403_at,NA,-1.3931346814815297
1558474_at,PLEKHS1,-1.3925894976943658
214174_s_at,TRMT44,-1.3925817546739692
223867_at,MANEA,-1.3924622160775961
242131_at,NA,-1.3922257859814706
61874_at,CABP4,-1.3916006412720634
232644_x_at,ICA1L,-1.3910714727569964
1558875_at,"TMLHE, TMLHEP1, NA",-1.3910671120108604
205226_at,ZCCHC13,-1.3909907471315175
216963_s_at,VPS50,-1.3902455357887198
244494_at,Unknown,-1.389837939289691
1562805_at,TMEM277P,-1.3895216578057161
240175_at,LINC02712,-1.389307755574827
224569_s_at,BAALC-AS2,-1.3892450544398864
217936_at,CREBRF,-1.3892079427081185
206901_at,Unknown,-1.3888493247156795
1559679_a_at,C1QTNF9,-1.3886892614883306
244862_at,CTNNA3,-1.3885796506404298
1564590_a_at,SDCCAG8,-1.388510279695386
1559737_at,PTGR3,-1.3884142250797997
203381_s_at,ITGAL,-1.3883282032193398
243135_x_at,COCH,-1.3883138239189219
1560214_at,COCH,-1.3883020455557875
228755_at,"ARL17B, ARL17A",-1.3882461952251244
1561423_at,Unknown,-1.3881465436220983
233266_at,ZNF638,-1.3881109756104553
221117_at,NA,-1.3878488206969881
237106_at,CERS3,-1.3877737935767025
1555754_s_at,DNAJC5B,-1.3872326730282767
222031_at,GPSM1,-1.3872030215985818
215365_at,CENPL,-1.3869700054963452
1560164_at,SSH1,-1.386878335648628
220732_at,TRMT2B,-1.3867160358015123
1561531_at,NA,-1.386218454684368
212545_s_at,HAVCR2,-1.3861830073261296
207167_at,TRIM4,-1.3859372554049127
1556250_at,FHIP2A,-1.3857554313622182
201654_s_at,BLTP3B,-1.38567534116687
207600_at,BLTP3B,-1.3856305843686536
215916_at,CYP19A1,-1.3848814586962293
1564670_at,NPAS4,-1.384584912339787
208454_s_at,LHFPL3-AS1,-1.384514949365105
216922_x_at,LHFPL3-AS1,-1.3842469424281576
241307_at,LIF-AS2,-1.3841565074577327
AFFX.r2.Bs.dap.5_at,ITPKB,-1.3841305157033332
1569080_at,GABRA2,-1.3839804526657182
1561298_at,SUPT6H,-1.3838907481331688
1565554_at,PGLS,-1.383377431527435
1566775_at,RPS6KA5,-1.3832208116080058
1555614_at,NFS1,-1.3831999511242856
237379_at,DOCK2,-1.3824605202331746
211455_at,STXBP4,-1.382360403476253
221510_s_at,SLCO4A1-AS1,-1.3819426744727235
219023_at,DRAXIN,-1.3808914383995428
207013_s_at,GNB5,-1.3803299209480078
243070_at,CDKN2AIPNL,-1.3802897461832817
1552271_at,TIPRL,-1.3801101487678844
233521_at,DENND4A,-1.3798407942855309
222939_s_at,SIAE,-1.3798121683280091
225952_at,GINS4,-1.379702792710724
243971_x_at,BTG4,-1.3795607508526206
1556235_at,PPP2R5C,-1.379349459321101
208482_at,PKD1L2,-1.379041471102032
213847_at,Unknown,-1.3789141783219534
204701_s_at,NR1H4,-1.3788180188166161
204041_at,PDE1C,-1.3785222314353056
221412_at,Unknown,-1.3780292949615014
204885_s_at,ACTR2,-1.3780072168156867
207096_at,AZIN2,-1.3779658138810462
218401_s_at,UEVLD,-1.3776719059788125
1562724_at,LYG2,-1.3775001834831462
230781_at,DYNLT2,-1.3772698282698326
1553335_x_at,NA,-1.377204242586798
243424_at,LINC00161,-1.37678087473122
226079_at,CTNNB1,-1.3763477553816312
1563611_at,TAF5L,-1.376130023208762
237920_at,GGNBP2,-1.3755793198504274
1552964_at,ATF3,-1.3752569321824133
234689_at,FBXO7,-1.3751440723656798
211698_at,NLGN2,-1.3749842572586126
229166_s_at,DMWD,-1.3749611556547263
37860_at,ZNF146,-1.3745076097861233
208927_at,KIAA1217,-1.3744282944794628
204380_s_at,SLC35F6,-1.3739573957334388
1554465_s_at,JPX,-1.3738587291155206
206234_s_at,MIER3,-1.3737472988769073
230284_at,HNRNPLL,-1.3733238234041392
220982_s_at,LINS1,-1.37326856988909
1556494_at,"CFHR3, NA",-1.3729364186120003
231236_at,ST8SIA4,-1.3729093359565918
232093_at,"KRBOX4, ZNF674",-1.3727697519166853
1569487_at,ANKRD13C,-1.3722761698334498
1563427_at,PHF20L1,-1.3721083041833073
1561707_at,SRGAP1,-1.372052575084738
235298_at,EPB41,-1.3715894011363403
231318_at,TMEM37,-1.3712811659307025
210367_s_at,SERPINC1,-1.3709904680688512
243416_at,MTHFSD,-1.3703104319235944
239454_at,RAD51B,-1.3702728790472012
216285_at,TSC22D4,-1.3698267661288048
212981_s_at,OSCAR,-1.3698047431708122
205201_at,NAALAD2,-1.3697075498675615
219421_at,PIK3AP1,-1.3694649578767046
229983_at,CEP89,-1.3690845911805818
215865_at,GSTCD,-1.3688233313038716
235222_x_at,CNNM2,-1.3685747811167608
218644_at,CNNM2,-1.368570186205786
236825_at,OLFM3,-1.3682088357163122
1553931_at,OLFM3,-1.3681175736826325
211226_at,CFAP91,-1.3679948772967445
233018_at,RHOF,-1.3675387943819899
220926_s_at,RHOF,-1.3675154677026151
241516_at,GPRIN2,-1.3672713929123685
228086_at,SPAG9,-1.3668855852924533
222791_at,MBP,-1.366327808589223
229491_at,WDR20,-1.365896253784324
1552384_a_at,YIF1B,-1.3658006795554807
64440_at,CCDC57,-1.3655163151304859
218464_s_at,SETD6,-1.365472681358232
204569_at,GPR62,-1.3651599071073202
239620_at,Unknown,-1.3649393263693428
216262_s_at,KCTD17,-1.364835222425159
1556154_a_at,CELF2,-1.3645716519223352
225859_at,SUV39H2,-1.3641763669544162
214956_at,ZNF70,-1.3637725396511515
1555823_at,ETFBKMT,-1.3632397849683655
204061_at,RHOBTB2,-1.3627293296162075
219144_at,LENG9,-1.3626587381346889
209775_x_at,SLC1A6,-1.3624159702177023
238490_at,LIG3,-1.3620607083405871
232708_at,"NA, RBM8A",-1.3611539928103078
219273_at,CEP120,-1.3607056446955208
1556165_at,Unknown,-1.3606874466831151
1552538_a_at,LIPT2-AS1,-1.360671145271109
221242_at,RUBCN,-1.3599069831047257
237892_at,RUBCN,-1.3595282074463586
203992_s_at,SERPINB8,-1.359127663163877
232402_at,DGKE,-1.3589535106730022
214234_s_at,SIRPB1,-1.3589178233945216
240887_at,ASCC1,-1.3588190322880453
219589_s_at,ZNF57,-1.3588115988436833
211231_x_at,ATM,-1.3586552639942289
1556573_s_at,MYT1L,-1.3586078938886035
1553552_at,PDS5B,-1.3585868259667435
1560782_at,NPAS3,-1.3585142163455217
228137_s_at,CBFA2T2,-1.3584418671470826
211410_x_at,TET3,-1.3583316907454386
1553809_a_at,RNF32,-1.3580171290024647
225280_x_at,MAST4,-1.3576419047727393
228339_at,RPRML,-1.3574735303364536
213911_s_at,NA,-1.357305951742528
224792_at,CNST,-1.357272710904664
1555377_at,SEPTIN4,-1.3571398408992514
207642_at,Unknown,-1.356909415327616
208810_at,ZNF594-DT,-1.3567505209480084
234411_x_at,METTL8,-1.3566534241947381
241854_at,FAM151A,-1.3563924769203601
243282_at,SRRM2,-1.356124462111699
232355_at,Unknown,-1.3559199664905333
1566924_at,CMTM4,-1.3556587918384577
202325_s_at,CCDC187,-1.355238609738625
205168_at,STAU2,-1.3548956543693844
221681_s_at,SLC23A2,-1.3545459622022065
227655_at,Unknown,-1.354495063046721
210158_at,ADAMTS9,-1.3544023586732703
234124_at,SCARA5,-1.35393634727057
1552842_at,SPATA6L,-1.353656657235864
205888_s_at,SPATA6L,-1.3536153327581892
221346_at,GLYATL2,-1.353364737808467
207955_at,RELL1,-1.3532958542775813
219390_at,DRAIC,-1.3530760227334453
1554957_at,TAF2,-1.3525954416358348
237610_at,TRPM3,-1.352575340872802
242378_at,SLC6A11,-1.352478096252052
219434_at,RABGAP1L,-1.3524402104636273
216865_at,ARHGAP29,-1.3520774943403364
221384_at,FBN2,-1.3518843700807723
235558_at,PMS1,-1.3512035694898281
229566_at,RALGPS1,-1.3510986138982604
202711_at,Unknown,-1.350816604244311
213630_at,Unknown,-1.3508082481568287
243101_x_at,INPP5A,-1.3505435544669802
1554633_a_at,DNAAF5,-1.3501669511890146
242704_at,LINC00301,-1.3499641094059314
206614_at,Unknown,-1.3498802333882198
215476_at,"MAD2L1P1, MAD2L1",-1.349743279326147
237002_at,EFCAB13,-1.3495486840226263
221463_at,WFIKKN2,-1.349533284461058
201279_s_at,RIOX2,-1.3494037067967646
214999_s_at,KLHL30-AS1,-1.3491091640453823
240003_at,"MIR6738, ARHGEF2",-1.3490620879829955
1561728_a_at,CCDC82,-1.348737283847892
234314_at,CASS4,-1.348598487326898
210283_x_at,PDE8B,-1.3483093064648095
216770_at,KANSL1L,-1.3477874668487768
221880_s_at,FBLIM1,-1.3475209571947178
1556959_at,CLDN19,-1.346754897137843
221165_s_at,NA,-1.3460314903922908
241656_at,UBE2O,-1.3460279180731363
217390_x_at,DZANK1,-1.3459168764222709
207578_s_at,ZNF585A,-1.3458306187515712
203550_s_at,Unknown,-1.3458120023232127
1564242_at,STEAP3,-1.3454847932930174
210174_at,C2CD6,-1.3453104954732054
632_at,Unknown,-1.3449402112898086
240518_at,MTHFD2L,-1.3447417447870749
211813_x_at,ATP6V1B1,-1.3445220780534577
209022_at,TOR1A,-1.3444520680492584
218086_at,VWA5B2,-1.3444266091892199
209788_s_at,ELMO2,-1.3439517813528463
220332_at,CMAHP,-1.3437926452497644
243926_at,SDC3,-1.3432324879640107
206996_x_at,Unknown,-1.3427718626192695
212448_at,PRR16,-1.3427685757718886
1565306_a_at,PCNP,-1.3427501954578331
1558581_at,WDR37,-1.342612329397418
226028_at,NA,-1.34248901705129
1570241_at,HMGCLL1,-1.3424668605739998
237650_at,CAMKMT,-1.3423163646544585
224786_at,S100Z,-1.3421757431716752
1559728_at,ABCD3,-1.3421680125609143
222820_at,MYRF-AS1,-1.3420645534664033
233606_at,ERCC8,-1.3420099604431257
1563455_at,TIA1,-1.341593698815345
205900_at,MS4A3,-1.3412870342558059
212450_at,RHBDL2,-1.341237172411883
203507_at,RHBDL2,-1.3412015489061773
243860_at,HYDIN,-1.3406387890584242
238148_s_at,PRKD3,-1.3404935738773462
214403_x_at,ABCC11,-1.3404704747734462
1557605_a_at,ESYT3,-1.340387235796437
1562384_at,Unknown,-1.3403125458839664
205831_at,ABCC4,-1.3401249523855079
1555892_s_at,ZNF678,-1.3397058165429876
200653_s_at,ANKS6,-1.3396447523175359
217685_at,LINC00598,-1.3395334847451192
215017_s_at,SIK3,-1.3395256259672759
1555363_s_at,FUT8,-1.3393298985169988
1552510_at,PSIP1,-1.3391618883452452
1566965_at,LINC01234,-1.3382016117835578
238350_at,Unknown,-1.3380704879811707
1560686_at,NLRP12,-1.3379377161432053
1554625_at,TSPEAR-AS1,-1.3379117043252404
233475_at,TSPEAR-AS1,-1.337618277679143
1567036_at,Unknown,-1.3371363606854874
230054_at,FILIP1L,-1.336979122770246
1563327_a_at,DIP2A,-1.3369425805117063
234086_at,PDILT,-1.336779610739145
1555181_a_at,Unknown,-1.3365644553570315
202527_s_at,ZBTB26,-1.3365407618957472
210142_x_at,EQTN,-1.335647034517465
228525_at,LINC00317,-1.3354271989315665
1552868_at,SNX19,-1.3352512917921444
1564887_at,SLC9C2,-1.3349813453841723
217419_x_at,Unknown,-1.3346112704136122
204979_s_at,PTGS2,-1.334489895903461
239031_at,RASGEF1B,-1.3344898595761019
206726_at,Unknown,-1.334395161031018
240024_at,NA,-1.3343223354084235
211848_s_at,Unknown,-1.3340705807964428
244258_at,CFAP251,-1.3339844904869067
201549_x_at,SYNJ2,-1.3339075118320796
208520_at,ZFYVE16,-1.3338023805516417
202485_s_at,Unknown,-1.3337535345988216
201833_at,ZNF398,-1.3337104383574256
214485_at,IL16,-1.33352993043401
1566991_at,ARHGAP20,-1.333454004956776
1553517_at,SCARF1,-1.3332461472705088
238152_at,RGS12,-1.3332362475455237
241000_at,ADAM22,-1.3331957810403285
211142_x_at,TMEM26,-1.3330132612146242
210430_x_at,P4HA2,-1.3329356539183372
232837_at,BRD3,-1.3329106806801851
207011_s_at,Unknown,-1.3328837529784023
218965_s_at,RGS12,-1.3328667878848295
201437_s_at,IDH1,-1.3326420191250232
236956_at,TRPV5,-1.3323382899534124
244087_at,KLHL40,-1.3320307465602699
1554681_a_at,TSPEAR,-1.3317340224233882
220554_at,C10orf53,-1.3317303127836497
1565662_at,SYT9,-1.3316817190179169
241117_at,Unknown,-1.3315035775125221
1557589_a_at,IKZF2,-1.33129647623865
1559927_a_at,USP6,-1.3312341434499775
225391_at,WNK1,-1.3312054634432466
227832_at,TLL1,-1.3311410098137082
1564504_at,Unknown,-1.3311260489294396
1561243_at,ARHGAP25,-1.3308873151071405
1559220_at,SPATA6L,-1.3308080312459667
206251_s_at,NEK11,-1.3307950818286611
237414_at,RPL13AP17,-1.3307788793204822
236574_at,STAT5B,-1.3305333734132345
234364_at,VASH2,-1.330302373554698
230007_at,CACNB2,-1.3301463087923164
204679_at,APLF,-1.3297095361062758
201873_s_at,MIER1,-1.3295556570332017
1570033_at,UVSSA,-1.3294043436088185
217045_x_at,ATP6V0A2,-1.329023931320066
204741_at,SLC11A1,-1.3290158035038933
243502_at,Unknown,-1.3289310843326378
1557372_at,ENTPD3,-1.3289280904818297
239060_at,CD96,-1.3289025439578683
1563339_at,PER3,-1.3286430966653293
207967_at,PER3,-1.3285921715225764
237485_at,NA,-1.328493838254422
1558727_at,FAM9A,-1.3284460342175544
227358_at,FGD6,-1.3282836173114256
211624_s_at,BCL2L2,-1.3282040131029786
1557262_at,TDH,-1.3276490505877412
1563361_at,FCHO2,-1.3276035021654966
1563045_at,QKI,-1.32757230268125
1570432_at,"MLLT6, MIR4726",-1.3272867851071846
1564639_at,Unknown,-1.3272758899555632
217444_at,Unknown,-1.327246350961079
1556835_s_at,STX19,-1.325739942807578
1566870_at,PBLD,-1.325562173190328
216879_at,PRKAA1,-1.325530654886743
221553_at,TERF2,-1.3252926853645175
210080_x_at,Unknown,-1.325070691709397
202895_s_at,TAT,-1.3248624520096264
231829_at,ZNF277,-1.3243042011646458
228824_s_at,Unknown,-1.3242719394955336
218646_at,RMND1,-1.323715073354494
1562523_at,Unknown,-1.323003290285636
228662_at,NA,-1.322926309096042
230239_at,USP6NL-AS1,-1.3228241861713226
210883_x_at,OR8B8,-1.3224125257015464
238544_at,CLEC7A,-1.3222176017138862
205998_x_at,TBX2-AS1,-1.3221175504362253
1563300_at,AKR1E2,-1.3219147935646405
201210_at,NA,-1.3218181110086253
238832_at,CCDC148-AS1,-1.3217413153991284
1568827_at,KCNIP2,-1.3212380556856214
217742_s_at,GNG12,-1.3204885982406902
1556797_at,RBIS,-1.3204006922779143
237344_at,RBIS,-1.3203147468183987
230109_at,NA,-1.320286775004816
214535_s_at,TRPM3,-1.3195581387117
223463_at,MYO3B,-1.3193052743954194
238710_at,MAGI1,-1.3192005268514304
1570134_at,Unknown,-1.319161783185141
213614_x_at,LINC00598,-1.3191125169736424
212916_at,ASXL2,-1.3190239701373494
1556479_at,TERT,-1.318687194748602
209023_s_at,KLHL6,-1.318175905851945
206719_at,CKAP5,-1.3181241185211918
1558651_at,ARMC8,-1.3181013395037853
207300_s_at,PPARGC1B,-1.3177164228413987
223336_s_at,ALS2,-1.3174330741303295
229611_at,"NA, FBF1",-1.3173028251787375
221894_at,SEC16B,-1.3172608936312598
206448_at,ERVW-1,-1.3168105968555337
37872_at,DIP2A,-1.3164634402390365
1557536_at,"RAB24, MXD3",-1.3161088767488311
229592_at,MAK,-1.3155365062991988
215523_at,HIF3A,-1.3152948332811247
208754_s_at,STAB1,-1.3151766184612832
1555378_at,ACOT11,-1.3151540731295381
239928_at,PTK7,-1.3148957469755511
234607_at,ZNF26,-1.3148936977055892
225610_at,ADAM9,-1.314619706217647
213563_s_at,GCLC,-1.3146194131059246
211488_s_at,SLC30A5,-1.3143646790766002
204389_at,AQP10,-1.3140989555866223
1567250_at,Unknown,-1.3139856680610904
1555773_at,UNC5C,-1.3139345637259805
1557444_at,UNC5C,-1.3138246996817287
222236_s_at,NA,-1.3136867173819207
221603_at,SLC38A4,-1.3136382067260437
209063_x_at,CDC20B,-1.3136360907607958
1561688_at,"NA, PDXDC1",-1.3135765506391965
1559616_x_at,ITGB2,-1.3132315635866285
202419_at,PPHLN1,-1.3132020024192987
1563719_a_at,PPHLN1,-1.3130961543316024
1560785_at,LRP1,-1.3126987434877577
216315_x_at,ETS1,-1.3126756853225818
1558706_a_at,DDX53,-1.3125845789944983
219962_at,"NA, PIGQ",-1.312459161294037
240973_s_at,Unknown,-1.3121604622828547
204303_s_at,Unknown,-1.312128409366542
237915_at,CAMTA1,-1.3119934795482011
205524_s_at,ABCB5,-1.311946037111428
207436_x_at,Unknown,-1.3116841714535863
222265_at,NA,-1.3116224185972152
203979_at,TTL,-1.311589000429246
1556905_at,OR4D2,-1.3112038702778992
233116_at,SHISAL2A,-1.3108478708825604
228413_s_at,ADAMTS4,-1.3107879600529169
204214_s_at,POF1B,-1.310668245416076
215895_x_at,LARP4,-1.3104954792044485
240854_x_at,LINC01547,-1.3097636808376205
238426_at,PIGK,-1.3097345546733423
218152_at,EZHIP,-1.3093848405769901
1554952_s_at,SOHLH2,-1.3091587751453866
236275_at,DUOXA1,-1.3089894544993534
1557091_at,UBE3C,-1.308913486743123
1553583_a_at,FGD3,-1.308895933056318
1561667_at,Unknown,-1.3085401722822374
1558887_at,"FBXL21P, NA",-1.3084239024094317
211429_s_at,Unknown,-1.3083635481886626
234338_s_at,ALOX15B,-1.3082816547596612
213892_s_at,Unknown,-1.3077652098886183
217432_s_at,SYNCRIP,-1.3073878265645165
1564112_at,TSTD2,-1.3072090318891674
1557607_at,SLC39A14,-1.306980207996164
212928_at,GTF3C3,-1.3066082408277206
1552311_a_at,CCDC172,-1.3064164804942873
239953_at,RALGPS1,-1.3058942672954954
202812_at,NA,-1.3058566178174669
1561662_at,BRINP1,-1.3058225804079109
1552548_at,SLC39A6,-1.305684328160152
202769_at,CHD6,-1.3053288671706196
221771_s_at,IFIH1,-1.3053155543793322
1555020_a_at,NRP2,-1.305106951256939
233013_x_at,PPM1F,-1.3050594828531459
209489_at,TTLL3,-1.3048942155034722
1562581_at,LINC02875,-1.304673457473792
217767_at,"FAM153A, NA",-1.3043515550828366
1564630_at,Unknown,-1.3037598595936155
237371_at,NHERF4,-1.3037177048746398
208738_x_at,BEST3,-1.3036700062272093
241138_at,CWC27,-1.3036253554928523
1555729_a_at,ARHGEF12,-1.3035957412435926
211830_s_at,SLC2A4RG,-1.3032099821965655
1552583_s_at,RSRC1,-1.3031842532520506
1566490_at,TYR,-1.3030934576976907
1569630_a_at,ENTREP3,-1.3026315583002492
236792_at,NA,-1.302508709271356
241096_at,PTCH1,-1.3024598507288758
1569342_at,FYCO1,-1.302155298785442
204094_s_at,SEPTIN6,-1.3021449950190194
240248_at,COL9A1,-1.3020197947769934
216520_s_at,BPIFB6,-1.3017764263586826
224157_at,ANTXR2,-1.3017701480592982
221485_at,SDS,-1.301681014300287
228837_at,AFAP1L1,-1.3015535932014801
1553272_at,ZACN,-1.3009324608735946
238060_s_at,SERPINB5,-1.300864739254939
207379_at,SLC22A7,-1.300857484247772
239940_at,BBS9,-1.300821343675719
207356_at,Unknown,-1.3006551849574335
206326_at,UGGT2,-1.3005032793144502
238194_at,TAPBP,-1.3003497890135045
1559952_x_at,Unknown,-1.3001430468572748
1556046_a_at,KCTD7,-1.3001412285271616
222619_at,IMMP2L,-1.300129086515838
229995_at,CA6,-1.300100944074303
1562953_s_at,PTPRM,-1.2998961559816526
220540_at,PTPRM,-1.299836682834048
1557431_at,LINC00824,-1.2996136035995365
232370_at,TP63,-1.299548268836994
231320_at,MBNL1,-1.2991117137828092
202391_at,SCRN3,-1.2990960305855928
218975_at,DUSP19,-1.299019407887173
217827_s_at,Unknown,-1.2985786137312536
210454_s_at,GDPD1,-1.2985485615177017
1554494_at,CAPRIN2,-1.2985260729771997
237795_s_at,AGK,-1.2984970440556858
1568899_at,NA,-1.2982037730518954
203617_x_at,SLAMF1,-1.2977776185223897
1553875_s_at,Unknown,-1.2976734953218372
219469_at,PIK3IP1,-1.2975775733385684
225488_at,LILRA5,-1.2975346626587894
200595_s_at,RBM14,-1.2974663679663891
1555752_at,NA,-1.297322052739383
201994_at,OR10A5,-1.2972279758790901
239029_at,MT-ND5,-1.2971935035662803
208153_s_at,OR8D1,-1.2966872374186618
232784_at,PRKN,-1.2964641492669198
208743_s_at,KRTAP2-3,-1.2962767078363122
230373_at,BLID,-1.296229668856825
211004_s_at,ST3GAL3,-1.2959618997797913
214385_s_at,Unknown,-1.2956305751907915
235854_x_at,CLEC4C,-1.2956040309315873
229405_at,SLA2,-1.2955972944794656
1566456_at,CD80,-1.295357297164787
208851_s_at,"KLRK1, KLRC4-KLRK1",-1.2952956929720214
215066_at,"CLRN1, NA",-1.2951416162217446
211869_at,ST3GAL3,-1.2948256742155617
229799_s_at,Unknown,-1.2946928029389875
1558820_a_at,"OFCC1, NA",-1.2946826256487225
223214_s_at,Unknown,-1.2946649440104947
241633_x_at,CXADR,-1.2945978595627805
242748_at,Unknown,-1.2942833495188453
208057_s_at,Unknown,-1.2941918011953477
1558688_at,TAGLN,-1.2941599468215932
228448_at,MS4A4A,-1.2937194045710103
243712_at,"CD209, NA",-1.2937028563163304
241144_at,"AP1S3, NA",-1.2933712741866612
211320_s_at,"AP1S3, NA",-1.293324947925757
244445_at,KLK4,-1.2931036550822366
209776_s_at,"CKLF, CKLF-CMTM1, CMTM1",-1.2930507145366554
232956_at,MRAP,-1.2928788035904617
240684_at,LYZ,-1.2926810535888849
228785_at,CD79B,-1.2925842837580535
237727_at,CD79B,-1.292573909931306
234955_at,Unknown,-1.2921308112855723
211074_at,CCL5,-1.291701117229079
201830_s_at,RBM15,-1.2916734505731042
243207_at,RBM15,-1.2914994460006652
226260_x_at,CDC25A,-1.291319950852224
202948_at,CD79A,-1.2909739614301816
206123_at,IRAK1,-1.2907555746786816
241535_at,LINC00520,-1.290487596756136
208015_at,CCDC116,-1.2899961884685036
210128_s_at,NA,-1.2896334217561338
1556422_at,FCRL5,-1.2894129291888017
209883_at,ZNF385B,-1.289337559587232
202507_s_at,MAP3K19,-1.2890757900304148
235687_at,EXD2,-1.2889819439061982
1552967_at,Unknown,-1.2889134965625275
212894_at,ARHGDIB,-1.2887031771480042
205961_s_at,L3MBTL2,-1.2886537424736182
1555822_at,THSD4,-1.2886222967183927
243223_at,MKS1,-1.2885263566133185
219884_at,"FAM138E, FAM138D, FAM138C, FAM138F, FAM138B, FAM138A",-1.2883732618782298
1556001_at,Unknown,-1.2881063110316588
213117_at,ESYT2,-1.2878371677823244
237954_x_at,IRGQ,-1.2877961207789332
236220_at,Unknown,-1.287702392834764
231728_at,Unknown,-1.2875478729928722
244858_at,POLR2B,-1.2874388613377925
1569235_a_at,CYTH2,-1.2874006448319548
211214_s_at,HNRNPM,-1.2872767105790452
210483_at,ZNF852,-1.2871825521417413
1555433_at,RBM18,-1.2871202346062236
224800_at,THUMPD3-AS1,-1.2864985528120612
1558619_at,MICALL2,-1.286358287247014
233412_x_at,TOLLIP-DT,-1.28607211054397
1558315_s_at,GNG4,-1.28601101750329
216648_s_at,LINC02941,-1.2857769131131533
227555_s_at,"GLIDR, FAM88B",-1.2854568238552924
1562081_a_at,SRGAP1,-1.2854036100358137
219733_s_at,RPS24,-1.2853128038765906
223950_s_at,PSMD6,-1.2851880525122423
1567068_at,PDSS2,-1.2851586296285415
221590_s_at,CUTALP,-1.285033413106737
204213_at,WWP1-AS1,-1.2849856118712257
215383_x_at,MTSS2,-1.2849604745350998
206293_at,DNM2,-1.2848567309015455
215884_s_at,ADAM15,-1.284849452463006
218839_at,Unknown,-1.2847638681113935
202371_at,Unknown,-1.284756426970229
216423_at,DCTN5,-1.2846021475297311
1570465_at,FRY,-1.284382394645176
241611_s_at,TCAIM,-1.284214017161326
207801_s_at,FAM120A,-1.284100291488629
1555409_a_at,GON4L,-1.2839578484398317
223610_at,MIR1915HG,-1.2835628515759878
210758_at,CNTNAP3,-1.2831146252287833
200709_at,TSGA10,-1.2830320877542116
218602_s_at,TSGA10,-1.2829997774766575
219389_at,KIAA2013,-1.2829537657961965
222185_at,HUNK,-1.2829401333146229
234249_at,MIR205HG,-1.2826503940640333
217213_at,Unknown,-1.2825415424102813
222434_at,"FAM120A, NA",-1.282248469995072
237881_at,CD55,-1.282171069126836
204098_at,CRTAC1,-1.2817641812422065
237929_at,HINT1,-1.2817508557512283
205384_at,B3GNT7,-1.2816470156113196
1562659_at,"NA, ARL17A, ARL17B",-1.281643357487619
219492_at,FBXO28,-1.2813678921154872
232558_at,"NA, MYL12A",-1.2810461945538139
208950_s_at,MYL12A,-1.2808503381342369
1553057_at,LINC00661,-1.2804566731828768
211313_s_at,Unknown,-1.2802744501730128
1566665_at,C22orf42,-1.2799776543591523
235316_at,CACNA1D,-1.2799217982997135
237406_at,DIAPH3-AS1,-1.2798418272825678
226108_at,DIAPH3-AS1,-1.279836425182787
207114_at,IGFBP5,-1.2797563609375646
1556056_at,BTBD7,-1.2794945348618207
241209_at,MAPK8IP2,-1.2794725017623978
208449_s_at,Unknown,-1.2788593124815466
1552326_a_at,PEX13,-1.27870114320314
230477_at,KLHDC7A,-1.278628212903374
1567249_at,MESP2,-1.278580449718596
1552281_at,GPR180,-1.278200703896728
241005_at,GPR180,-1.2781980121549832
211497_x_at,EME2,-1.2781593616916416
1553539_at,LINC01138,-1.278091246321775
242941_x_at,ZNF207,-1.278003578116954
207048_at,HHIP,-1.2778505830675029
208313_s_at,GPR173,-1.2776254192878842
1566873_at,GPR173,-1.277597637801444
239026_x_at,LINC01089,-1.2775468245890058
214637_at,Unknown,-1.2772821416362752
224191_x_at,Unknown,-1.2768232751349267
1569780_at,NEUROD1,-1.2766564993193015
221852_at,SPEN,-1.2765485171552269
217435_x_at,ZNF451,-1.276531357160002
1558470_at,Unknown,-1.2764058674144934
207343_at,"PPARA, NA",-1.2761309695786358
244788_at,NA,-1.2760540765783297
242014_at,KDM6B,-1.2757348226687506
232165_at,HIF3A,-1.2757269963262343
229146_at,LINC00528,-1.2756812189134625
241899_at,FARSB,-1.275410575295963
212265_at,Unknown,-1.2753702604427928
238699_s_at,NA,-1.2747237447060857
225724_at,Unknown,-1.2745736291691332
204045_at,CD55,-1.2744958864425344
201728_s_at,ADPRHL1,-1.2743983824989098
212210_at,Unknown,-1.2742164253868147
1560300_a_at,RAB11B-AS1,-1.2739399251609638
238036_at,Unknown,-1.2737913677809471
1559031_at,GPATCH2,-1.2736449476073117
213711_at,DIP2A,-1.2736443115737162
214758_at,ZNF778,-1.2735026290120743
200962_at,B3GNT5,-1.2734762872504837
230660_at,DHX30,-1.273174728243279
208297_s_at,ARVCF,-1.2730491006345241
209644_x_at,NXPE3,-1.2728727051583943
212336_at,GPR37L1,-1.2725131051354717
216347_s_at,SAXO2,-1.2723479138657368
206270_at,NA,-1.27214663414747
1553400_a_at,MROH2A,-1.271747884203803
203593_at,MROH2A,-1.2717186390968238
241557_x_at,NA,-1.271699857656845
230420_at,Unknown,-1.2715658896456197
235586_at,Unknown,-1.271491578221723
213451_x_at,TAF8,-1.2714777816759755
1558876_at,"ANKRD36, ANKRD36B, ANKRD36C, ANKRD36BP2",-1.2707663423429152
1555248_a_at,STEAP4,-1.2707321311097484
223695_s_at,EMC1,-1.2707292627715014
1561939_at,ZNF555,-1.2706606967705532
1556739_at,LINC02984,-1.270588015711425
209014_at,HSPA4L,-1.270510609229928
1569250_at,NA,-1.2703557182986147
231482_at,Unknown,-1.2701597032041454
216313_at,LINC00408,-1.2697751762976783
1557595_at,AIG1,-1.2695272874245038
223638_at,BTG3-AS1,-1.269466616790946
1562604_at,TBILA,-1.2692078666400874
243026_x_at,TBILA,-1.2691864451929318
202972_s_at,Unknown,-1.2689276280631425
215263_at,VCPIP1,-1.2689133374074837
228035_at,VCPIP1,-1.2687990754147103
235416_at,NA,-1.2687415901945047
234820_at,KIF6,-1.2686295625879807
206480_at,NA,-1.2685232418121266
1561608_at,Unknown,-1.2684358455646325
227257_s_at,Unknown,-1.268257409103804
1562099_at,Unknown,-1.2679967337257245
1557406_s_at,NA,-1.2677228026282472
244759_x_at,Unknown,-1.2676929209647179
212292_at,"PWRN1, NA",-1.267416430691111
202158_s_at,"NA, C20orf202",-1.2673837448975052
231451_s_at,TENT2,-1.2669628089153961
1561448_at,Unknown,-1.2667356366206017
1562651_at,FGFR1OP2,-1.2666543908806227
1563489_at,SMIM21,-1.2663511486744912
242200_at,FXYD2,-1.2657124301576683
207718_x_at,"NA, C12orf76",-1.2653643082621722
225590_at,SIM1,-1.2653499458779376
229868_s_at,Unknown,-1.2649682915335807
1557657_a_at,PRRT3,-1.2648816353255665
225589_at,CAND1,-1.2647049075890529
228367_at,TLNRD1,-1.2646297491774743
235519_at,Unknown,-1.2645502267569784
229840_at,PCDH10,-1.2642504534317025
219483_s_at,Unknown,-1.264222320136208
243047_at,DSCAS,-1.2640649634422771
1553567_s_at,RBMX,-1.264038155692008
226540_at,Unknown,-1.2639619061434448
229978_at,MAPK12,-1.2638470081777358
212385_at,HEATR1,-1.2634064237240108
239706_x_at,HCN1,-1.2633929302819789
1559405_a_at,RGL3,-1.2632801594265806
238092_at,RGL3,-1.2632317536011322
1569723_a_at,PHKG2,-1.2627117478820844
201143_s_at,OLIG3,-1.2626846902410762
226572_at,NA,-1.2623979506399199
1559437_at,"NA, LMO7",-1.262380723542921
1562482_at,NAA15,-1.2622395597931075
1561545_at,Unknown,-1.2619389164343457
240403_at,Unknown,-1.2619318706277798
243955_at,HLMR1,-1.2619299903952903
1554880_at,HLMR1,-1.2617775304441536
211202_s_at,NA,-1.26097071670674
242099_at,NA,-1.2609185603055297
227496_at,"NA, LINC01785",-1.2608221189791933
1558147_a_at,Unknown,-1.2605035032233112
1558930_at,KRTAP19-1,-1.2604540185715192
220714_at,NA,-1.2602296980784822
215140_at,ZNF470-DT,-1.2597387720420676
1552799_at,Unknown,-1.25970419255578
226647_at,NA,-1.259400367989428
1569816_at,TBC1D31,-1.2591470442097648
235838_at,Unknown,-1.2589185870117923
238641_at,NA,-1.2585736050798195
222339_x_at,LINC00606,-1.2583124925291704
220451_s_at,LINC00606,-1.2583005507685032
220962_s_at,LINC01138,-1.2578735507867032
242736_at,LINC01138,-1.2578149396324854
208138_at,ARHGAP22-IT1,-1.2576252146963904
219247_s_at,NA,-1.2575083975750003
1569522_at,NA,-1.2574948686705085
209326_at,SCML4,-1.2572907643678484
220522_at,SCML4,-1.2572407144927478
226246_at,NA,-1.257209377457873
229324_x_at,NA,-1.2571132902697724
207152_at,Unknown,-1.2570217221191764
1557330_at,Unknown,-1.2569845345382986
202214_s_at,Unknown,-1.256976886624414
1565897_at,"CFAP91, NA",-1.2569441712036025
216215_s_at,CFAP91,-1.2567893257661926
225731_at,LINC02583,-1.2567757904651358
231575_at,PIAS2,-1.2565862992856711
218247_s_at,Unknown,-1.2562625670134127
224373_s_at,COL1A1,-1.2561326844554708
219997_s_at,NA,-1.2560837471025876
1567100_at,NA,-1.255922787265076
201280_s_at,LINC00605,-1.255921828580504
212445_s_at,LINC01210,-1.2558930242393116
1554033_at,NFIA-AS2,-1.2557467463590728
239922_at,NFIA-AS2,-1.2557401221242876
236000_s_at,Unknown,-1.2556146343491232
214682_at,DLG1-AS1,-1.2553933221622535
231652_at,Unknown,-1.2553183399720957
1553498_at,LINC00692,-1.2552869754190759
233877_at,LINC00692,-1.2552389165008824
236779_at,KIAA2012-AS1,-1.2550165059450928
223813_at,Unknown,-1.254966703312344
243488_at,Unknown,-1.2549035134681004
217519_at,NA,-1.2548013664823157
201703_s_at,SLC39A6,-1.2547583149439128
1559658_at,ACSF3,-1.2547422805615231
238239_at,TRIM50,-1.254612932274519
226923_at,LYRM4-AS1,-1.2545902140901357
215487_x_at,FAM229A,-1.254511883642495
201031_s_at,NA,-1.2540694088373092
1557002_x_at,SLC8A1,-1.2539386908412087
1570529_at,RAB35-AS1,-1.2539085009753086
236065_at,RAB35-AS1,-1.2538888473929326
212114_at,ST20-AS1,-1.2538344626262041
209851_at,Unknown,-1.2537960887635464
227921_at,Unknown,-1.2537525520425175
238900_at,ARPP21,-1.2533097251204732
208304_at,Unknown,-1.253217689820038
237531_at,Unknown,-1.2532150507187878
216101_at,EHD4,-1.253192208724029
203991_s_at,Unknown,-1.2526358209954276
211097_s_at,NA,-1.252442949155438
229122_x_at,DRP2,-1.2524165318232254
1553722_s_at,CASC2,-1.2522960544320485
1555393_s_at,"NA, SNHG28",-1.2522755259420042
1561671_at,PAX7,-1.252166741429976
230479_at,LINC02724,-1.2521165173271889
1558020_at,Unknown,-1.2516349345325062
1557219_at,Unknown,-1.2515902414487226
222084_s_at,CDK12,-1.2515806537476986
1556155_at,Unknown,-1.2514423264441474
1570101_at,RHOQ-AS1,-1.2511054743296508
236479_at,TTC6,-1.25110130150448
204132_s_at,TTC6,-1.2510992081821413
1554094_at,FTCDNL1,-1.251061997076888
204866_at,Unknown,-1.2510052033631522
222789_at,GTF3C2-AS1,-1.2508625688405346
227397_at,NA,-1.2505613703778444
227666_at,NA,-1.250496977505963
209333_at,Unknown,-1.2504606008948698
1559976_at,Unknown,-1.250211405187331
216889_s_at,Unknown,-1.2501591889362256
210272_at,Unknown,-1.2501316759475762
1557176_a_at,NR2F1-AS1,-1.2499881931272976
241155_at,NR2F1-AS1,-1.249967041953652
234505_at,GPRIN3,-1.2498839760078124
239201_at,GPRIN3,-1.2498713964024444
217545_at,Unknown,-1.249657782350015
228328_at,Unknown,-1.2495069699721097
238414_at,LINC02175,-1.249103571877498
220505_at,FAM216B,-1.2490763146631043
223379_s_at,PRPSAP1,-1.2490423310307441
1566646_at,"MIR194-2, MIR194-2HG",-1.2488766137932568
229512_at,ZNF606-AS1,-1.2487684696567933
205843_x_at,ZNF606-AS1,-1.2487388335578118
1559827_at,PRCD,-1.2487294081876268
235154_at,Unknown,-1.2485716475865547
200701_at,Unknown,-1.2483948887094165
215718_s_at,SCOC-AS1,-1.2483644149003372
233734_s_at,LINC00671,-1.2482877300881075
1566548_at,"NA, GOLGA8IP, GOLGA8Q",-1.2482795881665303
227743_at,EGFLAM-AS2,-1.2482777061882018
228699_at,ZNF654,-1.248017828903811
1562910_at,ZNF654,-1.2479413948360196
233571_x_at,CD300LD-AS1,-1.247819570223693
206904_at,LINC00595,-1.2475483266319363
210711_at,Unknown,-1.247287946273077
1566111_at,Unknown,-1.2472686960590142
220437_at,Unknown,-1.2471826148700242
212386_at,LINC00930,-1.2471343437669158
204102_s_at,Unknown,-1.2470627424775726
1563119_at,ZNF426-DT,-1.2466586463637337
1553438_at,NA,-1.246560580848891
206192_at,NA,-1.2463746231615853
1558832_at,Unknown,-1.2461756799085624
233082_at,PAXBP1-AS1,-1.2460350415628154
237342_at,NA,-1.2460157331895545
204323_x_at,GRASLND,-1.245752301231531
235038_at,Unknown,-1.2456489966297064
1555517_at,Unknown,-1.245471649871115
1558001_s_at,Unknown,-1.245393254485218
234239_at,ZNF497-AS1,-1.244770262962829
1553591_at,DRAXIN,-1.2445896624378976
1565908_at,LPP-AS2,-1.24456301111149
210341_at,DSG2-AS1,-1.2442411426816296
231233_at,Unknown,-1.2442013390811366
238956_at,NA,-1.2441364680708351
237242_at,ALDH1L2,-1.2440267576585786
215276_at,"ARIH1, NA",-1.243734907876868
209648_x_at,NA,-1.2435922060987235
237207_at,PHACTR2-AS1,-1.2433296648071994
241396_at,BLCAP,-1.2432562984986255
210408_s_at,MEX3C,-1.2429409723720646
226686_at,MEX3C,-1.2429299759461805
232137_at,NA,-1.2429028575204275
225286_at,LINC00558,-1.2424912595195257
79005_at,Unknown,-1.2424082890286823
239779_at,LINC00402,-1.242300073347967
1562022_s_at,Unknown,-1.2422342790292313
243795_s_at,LINC01270,-1.242177048210632
241222_at,APCDD1L-DT,-1.241896876499466
226472_at,APCDD1L-DT,-1.241856747213309
208460_at,ALMS1-IT1,-1.2415268501034837
229022_at,NA,-1.2415131726138062
210726_at,LINC01838,-1.2414478503661763
1562002_at,NA,-1.2413095316184535
230574_at,Unknown,-1.2407585656672941
210127_at,Unknown,-1.2405995687708833
239915_at,Unknown,-1.2404675345537202
200081_s_at,NA,-1.2404317451635485
217395_at,NA,-1.240337371375369
220314_at,NA,-1.2402984836720323
1553130_at,SERPINB6,-1.2402676220358249
237499_at,KCP,-1.2398136059624987
1559138_a_at,Unknown,-1.2395974535056766
1556923_at,Unknown,-1.239587938027658
1564339_a_at,SLC25A28-DT,-1.2394894614047864
1554809_at,Unknown,-1.2393528901798792
1561334_at,LINC02838,-1.2392821514931625
219566_at,Unknown,-1.2388767007746768
233925_at,OR2H1,-1.2385706951960433
215650_at,OR2H1,-1.2383518783521021
239876_at,Unknown,-1.2383074164696468
201548_s_at,UBA6-DT,-1.2382744618439696
228849_at,NA,-1.2382657758851652
1555237_at,Unknown,-1.2381553451251286
204943_at,LEPR,-1.2380986170869706
224365_s_at,NA,-1.238097849686018
240536_at,ESPNL,-1.238009511490038
207615_s_at,ESPNL,-1.2379204185989265
1562112_at,LINC02239,-1.2377507033908093
1564490_at,Unknown,-1.2377222290157484
220324_at,FAM201A,-1.237719738987218
213381_at,CIMAP2,-1.237565597749382
233387_s_at,"DUBR, LINC01990",-1.2374888829788893
1557493_x_at,NUP107-DT,-1.2373251733498287
209415_at,NA,-1.23698224438776
205887_x_at,NA,-1.2369146845662837
232680_at,"NA, WASH5P",-1.23673433614653
36019_at,Unknown,-1.2367229853219064
216357_at,UBAC2-AS1,-1.2364102554837246
234775_at,LINC00665,-1.2362116479358765
1563081_at,YEATS2,-1.236038696533109
222449_at,BTBD19,-1.2359935397765827
1553730_x_at,"NA, HOTAIRM1",-1.23591524946299
205324_s_at,UBE2G2,-1.2357226175650255
215111_s_at,LINC01128,-1.2357204317546164
1557601_s_at,C5orf47,-1.2356749438942731
241667_x_at,NIFK-AS1,-1.2355255576760011
223715_at,OVAAL,-1.2353823330349951
1566268_at,ZSCAN16-AS1,-1.235349284250345
241054_at,Unknown,-1.235347141007353
241769_at,HGSNAT,-1.2352552629345837
1555722_at,LUC7L,-1.2352483338922666
207762_at,TTBK2,-1.2348069456531345
243554_at,NA,-1.2348021254785375
216800_at,"ITGBL1, NA",-1.2346881327447208
1553123_at,KIF5C,-1.2346389275107972
216551_x_at,MAMSTR,-1.2346148709316045
231629_x_at,"NA, ANXA8",-1.2343826640892117
1562832_at,HAR1A,-1.2343778981243398
217207_s_at,NA,-1.234369262311622
222342_at,HECTD1,-1.2342849974141814
1563586_at,LMTK3,-1.2342717272082238
203680_at,Unknown,-1.234062609304525
1563104_at,SLC26A4-AS1,-1.2339222720294423
1557719_at,RPS6KA5,-1.2337983488131277
217703_x_at,ZNF561-AS1,-1.2337939867466943
228825_at,Unknown,-1.2336568751945303
1557550_at,HEATR6,-1.2336452472789208
240780_at,CHADL,-1.2336328535147087
208749_x_at,TMEM198B,-1.233620928886786
211962_s_at,FAM111B,-1.2334628919106772
228703_at,FAM111B,-1.2334461637330845
230428_at,WDR17,-1.2334316363055149
201355_s_at,LINC00632,-1.2333669577570785
240202_x_at,DDX11-AS1,-1.233302974848697
207788_s_at,"INMT-MINDY4, MINDY4",-1.2332509570797106
228740_at,TSKU-AS1,-1.2330056688187436
209814_at,"HM13, MCTS2",-1.2329483775733652
213443_at,NA,-1.232781880414854
209769_s_at,Unknown,-1.2325278996764024
215557_at,FILNC1,-1.2324931939909056
224361_s_at,Unknown,-1.232330622153238
205497_at,HCG11,-1.2323093303570922
233411_at,ARMH4,-1.2317907870571567
1560830_a_at,Unknown,-1.2317109282804979
1555853_at,C11orf87,-1.2315718558202982
230470_at,"TPCN1, MIR6762",-1.2315450033734254
220791_x_at,DNASE1,-1.2314634369921709
243292_at,PABPC1L2B,-1.231059878910214
222122_s_at,MEIOC,-1.2310114835679693
1554953_a_at,B3GAT1-DT,-1.231003368519826
223543_at,PROSER2-AS1,-1.2310015248995518
221761_at,FAM181A-AS1,-1.2309792101347439
209297_at,EIF1B-AS1,-1.2309353733233364
234308_at,LINC02382,-1.230891462728696
231897_at,FANCB,-1.230639110189263
241896_at,FANCB,-1.2305796244619314
212708_at,LINC02475,-1.2304999933877074
91682_at,NA,-1.230449168754004
238084_at,RBPMS,-1.2304463794410847
1565149_at,ASPG,-1.2303091671924038
210465_s_at,EHBP1L1,-1.2302757228181989
1558299_at,Unknown,-1.2301576256965687
205629_s_at,F11-AS1,-1.2300599091560274
208861_s_at,KIDINS220,-1.2294428286003682
233541_at,ZNF814,-1.2293431715420953
237043_at,NA,-1.2290387874185873
1566824_at,AP1G2-AS1,-1.2290373219202269
226465_s_at,GEN1,-1.2289599804172633
208518_s_at,TLCD2,-1.2288733602251871
243263_at,Unknown,-1.2288270201858966
234846_at,ITSN1,-1.2286928112474076
1553439_at,ITSN1,-1.2286545922978729
240456_at,ZNF519,-1.2286508841885524
207039_at,CT69,-1.2286215388661894
214159_at,"GTF2IRD2B, GTF2IRD2",-1.2285565733526749
205504_at,DPY19L2P2,-1.2285390832656395
201278_at,MCOLN3,-1.2283220772025787
224693_at,"MUC20-OT1, MIR570",-1.2282466410445962
1570257_x_at,Unknown,-1.2282430168147733
1561834_a_at,Unknown,-1.2281529854667057
209212_s_at,Unknown,-1.2280721059802417
213283_s_at,NA,-1.227973086366018
208766_s_at,NT5C,-1.2279177928746778
41113_at,DENND1B,-1.2276481351946489
203533_s_at,Unknown,-1.2275294716375758
202221_s_at,LINC01465,-1.2274762988188967
1570625_at,Unknown,-1.227337808504198
222957_at,Unknown,-1.2272690102252104
1561391_at,CAPN14,-1.2272661148354755
222790_s_at,ZNF230,-1.2272430578895297
218892_at,NA,-1.2270731028288033
218320_s_at,Unknown,-1.2270639806362729
238104_at,Unknown,-1.2270599778294708
203812_at,Unknown,-1.2269778073500985
237851_at,MCM8-AS1,-1.2268804094230306
1560779_a_at,SUCLG2-DT,-1.2267596386581727
226152_at,Unknown,-1.2267257335733894
216751_at,MIRLET7BHG,-1.2266664067191135
1560153_at,CPB2-AS1,-1.2266548221397093
237967_at,MCPH1,-1.2265441673010993
221579_s_at,RERE,-1.2264700446197432
221450_x_at,G3BP1,-1.2264348517717512
217954_s_at,"NA, THUMPD3-AS1",-1.225966690967469
244725_at,"CCDC144A, NA, CCDC144BP, PRPSAP2, FAM106A",-1.2257628810948784
214327_x_at,LINC00698,-1.225752804112959
234461_at,LINC01141,-1.225671530068777
1569108_a_at,ABCC9,-1.2256219766977592
234002_at,"AGAP11, ADIRF, NA",-1.2255078627257021
207440_at,ZNF131,-1.2252980811203391
1564658_at,LCT-AS1,-1.224949167437529
1557867_s_at,RTTN,-1.2249465768522547
213768_s_at,Unknown,-1.2246730429220616
237301_at,METTL16,-1.224613595741003
1559221_at,LCIIAR,-1.2244257492301844
229738_at,LCIIAR,-1.224349218614516
1566248_at,Unknown,-1.2238472826396767
232069_at,Unknown,-1.2238178075121189
243354_at,NA,-1.2237532109592093
1554791_a_at,Unknown,-1.223714860938323
235787_at,LINC02059,-1.2237057300802732
220013_at,NA,-1.2236529345491027
1554804_a_at,FAM227B,-1.2236038003535072
1553427_at,CLCC1,-1.2234658616785015
228782_at,CPVL-AS2,-1.223453262998744
1554436_a_at,XKR6,-1.2234082100566557
236877_at,Unknown,-1.2234064495244708
228637_at,Unknown,-1.223391161455567
222204_s_at,Unknown,-1.2229166856694724
223719_s_at,MOSPD1,-1.2228145641501384
210940_s_at,Unknown,-1.2226956279731127
204302_s_at,IL6ST-DT,-1.2225017427145146
1557712_x_at,NA,-1.2224976380772445
224889_at,MFSD4A-AS1,-1.2224302844023869
227365_at,LINC00507,-1.222414446119768
1565880_at,PFN4,-1.2223155494194162
203274_at,Unknown,-1.2223082092664532
1563341_at,PPP1R27,-1.2221260446537683
1561229_at,NA,-1.2219611958756715
240526_at,LINC01487,-1.2213588940687825
209194_at,Unknown,-1.221088436527781
225873_at,RASAL2,-1.2209353497640352
241213_x_at,LINC02189,-1.220788966200377
1558342_x_at,CLIP1,-1.2206608649433206
219379_x_at,Unknown,-1.2205936938652435
204151_x_at,BLCAP,-1.2204409105422875
209183_s_at,BLCAP,-1.2204144280919607
231583_at,NA,-1.2201964923253912
234158_at,Unknown,-1.2198455343589505
229104_s_at,ARK2C,-1.2197481174380296
217353_at,DIP2C-AS1,-1.2196865327952304
1558177_at,LINC00906,-1.2196213573457386
1563209_a_at,PPP1R12B,-1.219586090045325
215398_at,GRIPAP1,-1.2193732262271781
1562751_at,Unknown,-1.2189228356591602
210598_at,Unknown,-1.2188980838154868
203021_at,CABIN1,-1.21876412832626
212033_at,CABIN1,-1.218751547955353
217633_at,ST18,-1.2185212552798792
244372_at,Unknown,-1.218392660396807
1570628_at,LINC01310,-1.218197685138963
1560921_at,WDR3,-1.2180701533824314
208377_s_at,SLC26A5-AS1,-1.217891947155211
213662_at,CFAP92,-1.2178518619902459
217710_x_at,STEAP1B,-1.217682590288744
1553127_a_at,NA,-1.2176055374220858
1552890_a_at,PICART1,-1.2175847893660592
214990_at,TTLL4,-1.2174812075727046
1563255_at,KIF9-AS1,-1.2174353482813776
1561616_a_at,Unknown,-1.2173167020309752
229623_at,DCTN1-AS1,-1.2173046474604037
233735_at,CCDC38,-1.2172891991318735
227829_at,KCP,-1.2171890585948657
1559800_a_at,Unknown,-1.2170903498756376
212199_at,Unknown,-1.2170390076312518
211831_s_at,Unknown,-1.216916249946022
232391_at,PPP1R12A-AS1,-1.216852493675705
221079_s_at,C7orf57,-1.216610649487901
AFFX.r2.Bs.thr.M_s_at,Unknown,-1.2165798611641692
212762_s_at,NA,-1.216499342457992
203404_at,NFIA,-1.2164895459653853
233582_at,Unknown,-1.216486914648902
237916_at,IQCA1,-1.216424598304168
48808_at,VWA8-AS1,-1.2162624898372953
1553890_s_at,GALE,-1.2160068525573564
241704_x_at,LINC00642,-1.2157769662087234
240169_at,NA,-1.2155831438174511
222389_s_at,Unknown,-1.2155293690404274
1565873_at,RAF1,-1.21531369388053
232280_at,"NA, DLGAP2",-1.2152009977368696
31846_at,SAMD15,-1.2150329821367751
205004_at,Unknown,-1.214845268684244
1553642_at,"ZNF286A, ZNF286B",-1.2147122108914918
232871_at,Unknown,-1.214484945448467
1558831_x_at,Unknown,-1.2144437310962393
241520_x_at,POLH,-1.214438538989914
244299_at,NA,-1.214215394142024
224712_x_at,Unknown,-1.214154210118362
1563090_at,Unknown,-1.2139554860925408
1561860_at,NA,-1.2139115340674338
221893_s_at,NA,-1.2134046829174376
225293_at,Unknown,-1.213145891742293
214543_x_at,"NA, PCBP1-AS1",-1.2131270726294607
219153_s_at,Unknown,-1.2128442898416527
216888_at,NA,-1.2120245863739554
1562946_at,CEP128,-1.2119960031589572
200016_x_at,LPAR6,-1.2115576049083419
234951_s_at,PURPL,-1.2114975448575558
1560630_at,NANOS2,-1.2114135200073963
214024_s_at,PRR15-DT,-1.211337061001151
228223_at,NA,-1.2109739406503144
229293_at,Unknown,-1.210777077281687
1555162_at,ERCC6L2-AS1,-1.2105512051381722
1552976_at,NA,-1.2101024697051659
1552885_a_at,NTRK3,-1.2099878925138545
1561060_at,FAR2,-1.2099341826902519
1555685_at,FGGY,-1.2097897716039299
211693_at,Unknown,-1.2096745717468274
216071_x_at,Unknown,-1.209627457008368
214656_x_at,LINC00595,-1.2095834033840767
209951_s_at,Unknown,-1.2095327541783052
204356_at,Unknown,-1.2094944879709653
1556641_at,Unknown,-1.2093740578821932
214561_at,Unknown,-1.209336467924004
237164_at,Unknown,-1.2092765579832143
209160_at,AFG3L2,-1.2089665906212432
1558839_at,MSRA-DT,-1.2086479927035934
208823_s_at,LINC01252,-1.2086466613746079
1553482_at,Unknown,-1.2083517989722226
242633_x_at,Unknown,-1.2080844512198383
1563265_at,LINC01087,-1.20808424638314
215913_s_at,Unknown,-1.207888015960221
1559788_at,NA,-1.20774370473984
204640_s_at,NA,-1.2076307658455656
234377_at,CFAP157,-1.2071287667117283
205750_at,NA,-1.2070988458108804
1566580_at,FBXO38-DT,-1.2070231003677954
215243_s_at,LINC01020,-1.2068514727520931
220586_at,GALNT7-DT,-1.2067691557100098
237410_x_at,Unknown,-1.2066214547546699
1553314_a_at,ZNF32-AS3,-1.2065178317525158
222016_s_at,ZNF787,-1.2063581353080919
52975_at,STXBP5-AS1,-1.2063133393497316
244716_x_at,LINC01056,-1.206308090963954
216965_x_at,LINC01056,-1.2063076852959074
231566_at,NA,-1.2060944482972054
237163_x_at,CMAHP,-1.2060811828090816
203102_s_at,Unknown,-1.2058603961340488
1565000_a_at,Unknown,-1.2058278799544602
219480_at,GSTO1,-1.2058276121646663
225812_at,SLC16A1,-1.2058156451158177
201084_s_at,CNP,-1.2054877630909107
1556255_a_at,"CTNND1, NA",-1.2053864275812909
1562283_at,RPS6KA2,-1.2049820085392915
1555203_s_at,RPAP3,-1.2049286105098351
218082_s_at,Unknown,-1.2048366261195407
1566168_at,METTL6,-1.2047891304166494
208095_s_at,PLCG2,-1.2047697276534177
215407_s_at,POLR2J4,-1.2046436549566486
240699_at,SLC1A2,-1.2044944620452367
213236_at,FAR1,-1.2044262020365986
215267_s_at,Unknown,-1.2043749795736716
1560870_a_at,PRKAB2,-1.2041123197650223
1552337_s_at,CP,-1.2039884609446534
1554989_at,MATCAP1,-1.2039610665621927
227531_at,NA,-1.203715583643029
229163_at,EIF2B5,-1.203707928819661
233515_at,NA,-1.203520942165782
232463_at,"FBXO10, NA",-1.2034496576769824
234012_at,Unknown,-1.2033501644971365
224918_x_at,DNAJC3,-1.2031727026478687
211342_x_at,CCDC171,-1.203069732633556
39763_at,MATR3,-1.202950362674217
239396_at,HDGFL3,-1.2027711654722049
225431_x_at,Unknown,-1.2026965271743684
217948_at,MBNL1,-1.202622575460945
208539_x_at,FAM78B,-1.2025782563351448
203506_s_at,RECK,-1.2025689447038728
220262_s_at,"NA, USP31",-1.202506911917688
1557569_at,DGCR5,-1.202476602529364
215181_at,CSRNP3,-1.2024152990841903
1558139_at,Unknown,-1.2022734051021022
1555546_a_at,TAF11,-1.2021883305610923
210597_x_at,PLXNA1,-1.201913228720504
1570267_at,TNRC6B,-1.2018345366428032
242011_at,BCL2L11,-1.201800428634173
1564984_at,MEG3,-1.2016819001648327
1553674_at,BAIAP2-DT,-1.2016734816076031
221045_s_at,Unknown,-1.201529775129717
238177_at,Unknown,-1.201434301849824
210411_s_at,MGC16275,-1.201156141829995
224589_at,Unknown,-1.2009943366391103
224006_at,"LUZP1, NA",-1.2009899290850683
AFFX.r2.Bs.thr.5_s_at,Unknown,-1.2006168810045055
235432_at,Unknown,-1.2005032883507296
215892_at,GPR37L1,-1.200119454417188
234750_at,FN1,-1.2000112866411952
234960_at,"SLC4A1APP1, SLC4A1AP",-1.1999838165754757
213891_s_at,Unknown,-1.1998637879336917
244207_at,VLDLR-AS1,-1.1998459218734534
1552409_a_at,CTNNA1,-1.1997385638811862
1567010_at,SLFN13,-1.1995024792192714
244376_at,NA,-1.199432085502661
213755_s_at,NA,-1.1992080362292914
233850_s_at,DR1,-1.198742596241955
224416_s_at,DR1,-1.1986785751453257
240460_at,NTN5,-1.1985815350832125
234074_at,PUS7L,-1.1984140610569503
228311_at,ZNF587,-1.198304672020406
243137_at,Unknown,-1.1981361362105594
228136_s_at,KDSR,-1.1978860258335164
1561224_at,TMEM184A,-1.197744518903843
231746_at,RFT1,-1.1976585104703872
64899_at,Unknown,-1.1976088681187378
208588_at,PIGW,-1.1975032643323054
202618_s_at,PPFIA2,-1.197289621379401
1555837_s_at,EFCAB5,-1.19722210567963
215060_at,EFCAB5,-1.1971923910477313
211808_s_at,TSEN54,-1.1971543505654565
213466_at,TMEM72,-1.1964767803422656
217256_x_at,ZDHHC18,-1.1963933723433908
225288_at,TONSL,-1.1962304880866665
221982_x_at,Unknown,-1.195692520226694
238514_at,ZNF487,-1.1956711333078325
228908_s_at,MPHOSPH9,-1.195003332270254
226960_at,"ZDHHC2, NA",-1.1949319555153464
234098_at,"ZDHHC2, NA",-1.1949193803875262
1563243_at,LRRC38,-1.1948414092863786
1560049_at,ZNF599,-1.194454350543567
219252_s_at,KRT7-AS,-1.194282281964082
237744_at,KRT7-AS,-1.194276720489432
213303_x_at,PECAM1,-1.1942591665556186
1554219_at,"ARIH1, NA",-1.194107300750771
235279_at,LINC00622,-1.1939597405251643
240304_s_at,Unknown,-1.1938559965886297
1554344_s_at,Unknown,-1.1937584608947278
230358_at,C14orf180,-1.1935842003602533
228079_at,LINC00265,-1.1935613275077774
203446_s_at,ORAI2,-1.1934329532912737
213973_at,NHLRC4,-1.1932308033405399
1559957_a_at,Unknown,-1.1931172121059936
235293_at,"IGHEP1, IGHE",-1.192927352306668
1556806_at,NA,-1.192682172862496
214584_x_at,NA,-1.192676413124473
1553839_at,Unknown,-1.1926361167239266
1567252_at,GARS1-DT,-1.1923068423300578
216333_x_at,GARS1-DT,-1.1922464633574934
1570420_at,ABCC5,-1.1920512619920478
229877_at,CEROX1,-1.192036572869507
226867_at,Unknown,-1.1920242624314557
223767_at,Unknown,-1.1916217901235253
205338_s_at,NA,-1.1915867847475663
209442_x_at,Unknown,-1.1915610089162798
206537_at,Unknown,-1.1914281662649728
209034_at,LRRC27,-1.1913554929769792
201091_s_at,LRRC27,-1.1913383183020898
1570572_at,Unknown,-1.191275339627822
204873_at,CST13P,-1.1912644090924167
225544_at,DNM3,-1.1909847963460056
1554616_at,DNM3,-1.1909173105736048
1569341_at,C1orf53,-1.1908621782387452
222373_at,C1orf53,-1.1908258608834796
224408_at,NA,-1.1907620439900566
226861_at,LRRC8C,-1.190686746257945
1566779_at,TAB3,-1.190645465262401
206997_s_at,PAXIP1-AS2,-1.1904116078411144
219054_at,"NA, RPL23AP87",-1.1903928785588145
212869_x_at,LRTM2,-1.190341704299358
1564233_at,TPM1,-1.1903158405802257
202023_at,"NA, KRBA2",-1.1903043329726897
237178_at,"EXOSC6, NA",-1.1902566259606855
1552991_at,ZNF844,-1.1902461916259237
204090_at,TRMT9B,-1.1900156424028674
219497_s_at,VNN1,-1.1899428998054515
230620_at,SLC66A1LP,-1.189897477368412
237629_at,OGG1,-1.1896929136320542
237718_at,VPS35L,-1.1896210047821172
202875_s_at,BLZF1,-1.18951061819797
240371_at,Unknown,-1.1891109023011985
221297_at,ACTG1P25,-1.189027047269815
211405_x_at,UBL4B,-1.1887792550020904
1569449_a_at,SVIL-AS1,-1.1881433379123179
209182_s_at,ZNF219,-1.1880828507638472
210220_at,KANSL1L-AS1,-1.1880161422453113
1559073_at,SSBP2,-1.187802064384638
216801_at,"TTC5, NA",-1.1877627114483178
228540_at,Unknown,-1.187648182079168
231573_at,Unknown,-1.187617093224625
216207_x_at,SNHG7,-1.1875380597328575
242774_at,ZNF621,-1.187502968452598
234981_x_at,CABLES1,-1.1873795226403554
1552594_at,RGPD4-AS1,-1.1873444551726249
211118_x_at,MSANTD2-AS1,-1.1872635009838475
228249_at,RBFADN,-1.1871406593054024
1560903_at,ADAMTS5,-1.1870255583071678
207524_at,SPATA24,-1.1870046301647594
1558412_at,SH3D19,-1.1869212573965398
216747_at,CCDC32,-1.186865593102794
222964_at,CCDC28A-AS1,-1.1867984618161378
234434_at,MAP3K20-AS1,-1.186712875782228
1553061_at,Unknown,-1.1866938835135707
234398_at,BANK1,-1.1864494443121034
1553817_at,Unknown,-1.186231146283589
237930_at,Unknown,-1.1862204571473791
1559034_at,ZNF77,-1.1861059349619698
224360_s_at,"NA, MALAT1",-1.1860154452204097
233807_at,NOL4L,-1.1859718696381816
1554677_s_at,MPV17L,-1.1858658150950447
1560286_s_at,GLMP,-1.1856050317024949
1564287_at,GLMP,-1.1855676964467392
212920_at,ZNF264,-1.1855142833633205
208590_x_at,HERPUD2,-1.185509583413487
215804_at,Unknown,-1.185410535172727
212101_at,ATOH8,-1.185361405816167
1562529_s_at,ATOH8,-1.1853389985366218
231913_s_at,Unknown,-1.1853089565569936
229780_at,FAM13A-AS1,-1.1852877601765914
228853_at,TMEM134,-1.1851855992201021
217291_at,Unknown,-1.184993286987928
233378_at,Unknown,-1.184948562158016
237568_at,NA,-1.1848184200290752
216284_at,Unknown,-1.184682132201471
231237_x_at,Unknown,-1.1846599023814026
228720_at,ZBTB38,-1.1845927666731524
205939_at,NOL3,-1.1845404687620373
217385_at,NA,-1.1845013347426432
212258_s_at,NA,-1.1844905268988979
216355_at,Unknown,-1.1840773968152327
1561085_at,NA,-1.1839307300623765
207391_s_at,C2CD3,-1.183808951960262
1559522_at,SPRING1,-1.1838049711525944
208037_s_at,CLASP2,-1.1837065518864063
242016_at,FAM120AOS,-1.183594776154968
1562641_at,TNRC6B-DT,-1.1833915541562314
217501_at,ARF3,-1.183315206401774
1560752_at,DNAH1,-1.1831335340581708
1553399_a_at,Unknown,-1.1824668104865967
231889_at,NA,-1.1822453391843701
1568449_at,TSPAN3,-1.1822325538836085
1562892_at,TSPAN3,-1.1821991415072468
207660_at,ZNF252P-AS1,-1.182194605116139
51158_at,FRY-AS1,-1.18200220973056
244281_at,ADGRB3-DT,-1.181945723073662
238188_at,NA,-1.1817214751177385
201624_at,CDK13-DT,-1.1815730115169896
224737_x_at,ZNF790-AS1,-1.1814616525588912
206250_x_at,Unknown,-1.1812331694552267
208548_at,TMED5,-1.181224555060709
217511_at,ZNF664,-1.1811070101215793
219444_at,ZNF831,-1.180921946665672
219813_at,ZNF831,-1.1808569663662678
1557889_at,CARMN,-1.18084506077396
227750_at,Unknown,-1.1805429817621569
1553222_at,Unknown,-1.180506140697023
220664_at,NA,-1.1803885360743214
232050_at,PNLIPRP3,-1.1803215446371476
242891_at,NA,-1.1801153207895598
231324_at,Unknown,-1.1799607807911234
1557669_at,DMRTA2,-1.1799305221121164
1553258_at,DSE,-1.1796034416281411
211396_at,NA,-1.1795296308593441
1556962_at,LINC00924,-1.179284088880888
244071_at,Unknown,-1.1792160057023526
1570202_a_at,NA,-1.178895177114405
223944_at,DEUP1,-1.178849976802045
213075_at,DEUP1,-1.178837568923878
204583_x_at,PLK5,-1.178813157034613
210505_at,RGMB-AS1,-1.1787374956080896
210744_s_at,Unknown,-1.178728445574794
218667_at,LINC00907,-1.1787236321270038
229737_at,NA,-1.1787169137219247
208850_s_at,Unknown,-1.1784311200058502
1566844_at,SEC23IP,-1.1784267848682588
203464_s_at,SLC8A1-AS1,-1.1784159608636293
201811_x_at,LINC00460,-1.1782534323571645
224091_at,GTF2H5,-1.1781785908854983
230236_at,ZNF765,-1.1779610112416021
239783_at,CACNA1A,-1.1779379972914898
203586_s_at,CACNA1A,-1.1779338430468234
1552630_a_at,Unknown,-1.177770331727002
237774_at,HYCC2,-1.177082081720618
AFFX.ThrX.3_at,MFGE8,-1.1769705179695897
240323_at,Unknown,-1.1769277396989437
1554259_at,HCG18,-1.1768765127595977
228776_at,THEMIS,-1.1766499384684863
207466_at,NA,-1.1765519388140635
234838_at,LRRC41,-1.1765181266257476
240764_at,"NA, NUP155",-1.1758831318273018
211653_x_at,GTF2A1-AS1,-1.1756836798956964
207694_at,Unknown,-1.1756101193765154
214669_x_at,Unknown,-1.1755826585071785
200725_x_at,PPP1R26-AS1,-1.1754436461369073
1558211_s_at,Unknown,-1.17517589357509
202039_at,Unknown,-1.175030592403021
204624_at,"C4B, C4A, C4B_2",-1.1749548088038688
1561596_at,EXOSC1,-1.1747937143720861
1562939_at,KRBA2,-1.1747646642418763
1569009_s_at,BAHCC1,-1.1745991524660668
210493_s_at,Unknown,-1.1744008599277376
231946_at,FNIP1,-1.1741606087730159
214363_s_at,CACNA1G-AS1,-1.1740052314883413
1553397_at,NUP153-AS1,-1.1739268387424138
220407_s_at,ELFN2,-1.1736920109569355
1563226_at,BCL11A,-1.1735882269649873
242657_at,NA,-1.1735570910318445
214824_at,DUBR,-1.17340018640613
40687_at,FGD2,-1.1733572394061718
219686_at,LINC01530,-1.173308968792638
239728_at,FBXO9,-1.1731793155323995
1556511_a_at,VPS53,-1.1729207350766107
1567458_s_at,Unknown,-1.1725970322038841
200091_s_at,"RRP12, RPL34P20",-1.172526227488094
205619_s_at,NA,-1.1723488581381547
241630_at,"NA, EOLA1-DT, EOLA2-DT",-1.1721331194121198
1553286_at,"FAM87A, FAM87B",-1.1718559631238883
239242_at,"FAM87A, FAM87B",-1.1718469014259947
243080_at,KAT6A,-1.1718315543223194
1553657_at,LINC00910,-1.171787359155929
214673_s_at,Unknown,-1.171759140621656
243467_at,CEP68,-1.1715215145139573
1553350_at,PDCL,-1.1714802484337974
1570185_at,INHBA-AS1,-1.1714260205030276
211845_at,NA,-1.1712444206843577
205051_s_at,ANKRD20A5P,-1.1712430333359056
241590_at,Unknown,-1.1710582084645453
213137_s_at,RAB6A,-1.1710246355459284
212030_at,"HOMER2, C15orf40",-1.1709247043352946
209563_x_at,RNU6-322P,-1.170858300799953
225858_s_at,RDH13,-1.1707913094619842
233864_s_at,KRAS,-1.1706218317402857
230578_at,Unknown,-1.1704985932501069
1558700_s_at,Unknown,-1.1701770553458568
236688_at,NFYC,-1.1700306305255168
1553837_at,TWF2-DT,-1.1697991552412643
234470_at,LINC01013,-1.1697369947473562
1570476_at,SPDL1,-1.1696823449355234
207037_at,VHL,-1.1695082012371987
202725_at,NA,-1.1690945679956317
244329_at,ACAT1,-1.1690154539575701
202178_at,NA,-1.168983092366924
243595_at,Unknown,-1.1688613953627487
223906_s_at,PICSAR,-1.168682738957754
224834_at,Unknown,-1.1685793429422822
244222_at,NA,-1.1683889585577332
232861_at,ZC3H12D,-1.1683645933684266
1564828_at,Unknown,-1.1680998354635113
222596_s_at,ZFHX4,-1.1680686203737625
220017_x_at,"MATCAP1, EXOC3L1",-1.1680441436674212
210967_x_at,PCAT18,-1.1678520167692614
222847_s_at,TCF21,-1.1678308245601248
226008_at,Unknown,-1.1678125323386277
241326_at,APELA,-1.1676864865568086
212679_at,Unknown,-1.1676718237100787
220156_at,NA,-1.167534442253484
230663_at,NA,-1.1675148406633082
213441_x_at,Unknown,-1.16741531916608
237791_at,"NA, RRN3P2",-1.167127908992263
238248_at,FAM234B,-1.1670448335775254
241540_at,Unknown,-1.1669970209961367
1563009_at,RBL1,-1.166940084563354
210561_s_at,Unknown,-1.1667884727430948
211372_s_at,"SNX18P3, ANKRD18A, NA, SNX18P7",-1.1666911712154098
238698_at,LINC02241,-1.166548845899838
1558431_at,LINC02997,-1.1665254089163317
220653_at,"FAM106A, NA",-1.1664731743525465
214414_x_at,NA,-1.1663528451760925
209235_at,SRGAP3-AS2,-1.1662889451809926
240444_x_at,NA,-1.1662761076637111
236060_at,TTLL11,-1.1662095430820298
203539_s_at,SNHG14,-1.1661489901690072
219800_s_at,MAPK10-AS1,-1.166139761305754
239079_at,Unknown,-1.1660842162252685
1556318_s_at,LINC01852,-1.1660559840915643
1561916_at,Unknown,-1.165930394303072
244024_at,"MILIP, NA",-1.1658918008675037
240495_at,Unknown,-1.1658320277339886
226199_at,NXPH2,-1.1657445192730087
1561439_at,MACC1,-1.1656863919958256
223283_s_at,TRAPPC13,-1.1656286226824057
1554927_at,DAB2,-1.1656282831229623
221421_s_at,NA,-1.1655735279963912
1560560_at,NA,-1.165527657626892
210693_at,Unknown,-1.1655079309412815
203936_s_at,SMIM7,-1.165505672811437
223913_s_at,DPY19L3-DT,-1.1654253512030994
1558418_at,"LYNX1, LYNX1-SLURP2",-1.1651836946100165
241476_at,Unknown,-1.165147672995432
243221_at,"ANKRD18B, ANKRD18A",-1.1646259676243635
214278_s_at,Unknown,-1.164243449559136
64371_at,Unknown,-1.1641341294492042
233695_s_at,TRRAP,-1.1640921166551452
230223_at,MCF2L,-1.164047412772328
1553246_a_at,SMCO1,-1.1640111271212987
225572_at,Unknown,-1.1637183114220206
218307_at,Unknown,-1.1637152096076644
59433_at,C21orf58,-1.1636365736156418
211338_at,C21orf58,-1.163538787383437
1559126_at,IL21R-AS1,-1.163370443716598
1559133_at,SMC2,-1.1633431252187458
224588_at,NA,-1.1632974308679658
1560929_at,Unknown,-1.1631745958473354
207482_at,Unknown,-1.163166977311237
230530_at,LTBR,-1.163135142138537
230989_s_at,NA,-1.163055339645228
206222_at,Unknown,-1.1630468603894155
231837_at,NA,-1.16297910396285
213019_at,NA,-1.1629301499282105
220056_at,SIPA1L2,-1.1629193398472941
1555270_a_at,MEIS1,-1.162862544931249
227425_at,Unknown,-1.1627181628123593
217024_x_at,SEPSECS-AS1,-1.1626942151808493
238716_at,CHIC1,-1.162617478784697
223919_at,LINC01366,-1.1623292640055345
1566474_at,GIHCG,-1.1621106816536917
235278_at,NA,-1.1620631252823541
207040_s_at,LINC01583,-1.161989275427345
218764_at,VPS8,-1.1619412045842288
214065_s_at,CBR3-AS1,-1.1618568719690647
228175_at,LRRC25,-1.161851728566689
1557540_at,MIR137HG,-1.1614380312849781
228313_at,Unknown,-1.161335745886476
205833_s_at,Unknown,-1.1612033514543534
220425_x_at,"MFSD14CP, NA",-1.1611702061430873
222260_at,Unknown,-1.1611341227579337
244175_at,SPIRE1,-1.1610930143591098
234853_s_at,"MIR670HG, NA",-1.161059199394387
1560900_a_at,Unknown,-1.1607114716752083
227240_at,Unknown,-1.1605319366985507
240474_x_at,MRNIP-DT,-1.1603708633527248
231539_at,GAU1,-1.1603077433180824
240291_at,RB1-DT,-1.1600521031462334
218000_s_at,ACVR2B,-1.1599536052855248
221011_s_at,SPATA31E1,-1.159898596064125
1554279_a_at,Unknown,-1.1598456079896333
227671_at,FBXO42,-1.1598322764236764
226403_at,ATP13A4,-1.1596862347444186
235656_s_at,NFE2L1-DT,-1.1593979489700175
1558525_at,LINC00927,-1.1593890856090863
1566323_at,Unknown,-1.159318176033701
229130_at,Unknown,-1.1589417351318956
233264_at,Unknown,-1.158892452024439
220193_at,CHDH,-1.1587827422290407
1569789_at,NA,-1.1587313823127863
201828_x_at,LINC02458,-1.1586703747051434
235288_at,Unknown,-1.1586441630376196
211193_at,GPR12,-1.1585860668566355
224066_s_at,GBP6,-1.1585716093484708
221292_at,GBP6,-1.1585352555309516
1567256_at,Unknown,-1.1583636619486972
205595_at,Unknown,-1.1583367768500894
1566484_at,HDAC2-AS2,-1.1581468960791779
206960_at,NA,-1.1581409359374453
239665_at,Unknown,-1.1580682347546745
241846_at,NA,-1.157890689808609
218359_at,DMGDH,-1.1577996017907342
1563271_at,Unknown,-1.1574808742178004
1569515_a_at,LINC00184,-1.157379347283069
221906_at,LINC00892,-1.1573681854075668
209330_s_at,NA,-1.1573239647938551
230774_at,GRTP1-AS1,-1.1571796884402206
1558530_at,TENM3,-1.1570165779601063
231906_at,LINC02846,-1.15689275648669
227217_at,NA,-1.1567372207827102
207526_s_at,ZNF333,-1.1566027833520522
240935_at,NA,-1.1562197050257075
225655_at,TTL,-1.1561999127510387
220733_at,"NA, TRIM16, TRIM16L",-1.1559497211982936
235943_at,TMEM14B-DT,-1.1558387429353234
211505_s_at,TMEM14B-DT,-1.1557034331030398
221410_x_at,TMEM221,-1.155676528899866
1561318_at,"NA, GRAPL",-1.1555739304504826
241662_x_at,Unknown,-1.1554941619619252
208938_at,Unknown,-1.1554917505799667
1569499_at,Unknown,-1.1554028117326836
231531_at,"NA, NDST2, CAMK2G",-1.15527303939699
204561_x_at,PHKA2,-1.1550672507290407
213168_at,Unknown,-1.1549288608020412
237048_at,Unknown,-1.1549205581862707
224553_s_at,LINC00689,-1.1548944781768555
242066_at,LINC02600,-1.1548612416673916
1561171_a_at,Unknown,-1.1547334392562034
1568723_at,LINC01537,-1.1544963913050774
212966_at,MACROD1,-1.1544505248875236
208177_at,Unknown,-1.1544078024992988
230269_at,Unknown,-1.154364661414915
239989_at,Unknown,-1.154211176646048
236216_at,Unknown,-1.1539658722696284
1562683_a_at,LINC02656,-1.1537567556881552
1555447_at,Unknown,-1.1536564081777532
243380_at,TPPP2,-1.1532456379258507
1562966_at,NA,-1.1528189356843381
236870_at,NA,-1.1526655785172815
1565777_at,NA,-1.1526496045251837
AFFX.ThrX.5_at,Unknown,-1.1523878703468513
211018_at,Unknown,-1.1520611891392638
208612_at,Unknown,-1.1520011872193552
221215_s_at,NA,-1.1519619333769693
1555185_x_at,LINC00960,-1.1518869428451615
224212_s_at,FAM170B,-1.1518317473439246
1562918_at,ARHGEF12,-1.1516258549637615
201594_s_at,LINC01410,-1.151532344904907
1567183_s_at,LINC01490,-1.151507920849333
221217_s_at,"NA, TBX18",-1.1514899419151516
232215_x_at,TBX18,-1.1514536902627817
224685_at,NSUN4,-1.1511651437732973
1559667_at,Unknown,-1.1508743042309937
233891_at,LCN6,-1.1506912380611118
1552761_at,NA,-1.1506621098443677
237031_at,NA,-1.1506285699318315
224590_at,TDH-AS1,-1.1505610626137845
243707_at,TDH-AS1,-1.15053542196468
237878_at,Unknown,-1.1505037342394078
223733_s_at,NA,-1.150464392096808
49327_at,Unknown,-1.1503950800131926
227922_x_at,"LZTS1-AS1, RNA5SP257",-1.1503787604068247
231603_at,Unknown,-1.150268650134935
1557782_s_at,CDKN2B-AS1,-1.1502064269075172
202436_s_at,Unknown,-1.1501433304947646
228452_at,GPATCH11,-1.1500786762581963
224016_at,Unknown,-1.149965630124989
219744_at,Unknown,-1.1499537839790055
201670_s_at,Unknown,-1.1498333080365812
1561778_at,Unknown,-1.1497745041728242
216269_s_at,Unknown,-1.149643404371412
1554151_at,Unknown,-1.1496109458435366
229727_x_at,CBR3-AS1,-1.1495390754140142
229866_at,HDHD5-AS1,-1.1495176518762942
222344_at,SLC38A2-AS1,-1.1493612192711116
31637_s_at,SLC38A2-AS1,-1.149342215035594
238971_at,NA,-1.149215504798072
244202_at,Unknown,-1.1490986808854873
212358_at,Unknown,-1.1489229136477064
242945_at,NA,-1.1488998040734044
236332_at,LINC02934,-1.1488779505299036
209446_s_at,MDFIC,-1.1488278605801066
243132_at,RUVBL2,-1.1486693958276482
225515_s_at,NA,-1.1486622462604568
232359_at,Unknown,-1.1486492729259867
237335_at,FAM66A,-1.1486353596569305
224546_at,FAM66A,-1.148477525049161
223145_s_at,DDX42,-1.1484455836127676
1564498_at,Unknown,-1.1483672074096745
215079_at,Unknown,-1.1482947160459824
217849_s_at,ZFHX4-AS1,-1.1482411847847656
1552873_s_at,FLRT2-AS1,-1.1481932526388812
216799_at,ZNF7,-1.1478687873059594
211332_x_at,Unknown,-1.1476915559133178
233067_at,Unknown,-1.1476050706780243
1569311_at,LINC00645,-1.14745853662868
217998_at,SAMD14,-1.1472958813886553
209237_s_at,Unknown,-1.1472927756823421
244186_at,DNAJC13,-1.1462341449694373
210697_at,RPS20,-1.1461839248513512
205471_s_at,Unknown,-1.146152283432046
1568754_at,NA,-1.146125468837759
206989_s_at,Unknown,-1.1461198063533649
240396_at,NKAPD1,-1.1461094460853087
217187_at,MCCC2,-1.1458751302332841
233180_at,NA,-1.1456232447738628
220535_at,RMDN2,-1.1456072812623501
206892_at,CYB5R1,-1.1455928080690976
213591_at,NA,-1.1455925481859524
231602_at,VPS37C,-1.1452536650399887
243510_at,VPS37C,-1.145195504587946
232260_at,PAIP2,-1.1450334406566995
244420_at,LINC00958,-1.145032151563101
212226_s_at,Unknown,-1.144875371384865
230717_at,NA,-1.144746756025073
221661_at,Unknown,-1.1445127617389566
229056_at,RAD51-AS1,-1.1444869954946066
1554307_at,"ST6GALNAC3, NA",-1.1443190938026337
214421_x_at,Unknown,-1.144096838240624
1556653_at,Unknown,-1.1440753340723941
240708_at,Unknown,-1.1440389643858737
224690_at,Unknown,-1.1438287500972668
231260_at,ABHD1,-1.1433728214779775
221728_x_at,Unknown,-1.143305068903931
239132_at,OBSCN-AS1,-1.1432131107806882
208487_at,Unknown,-1.143185510589914
234462_at,Unknown,-1.1430237382784878
220581_at,ARL5C,-1.1428612525390733
212728_at,RUBCN,-1.1428460645372749
240692_at,Unknown,-1.1426545324505386
215798_at,WDR86-AS1,-1.1425576108073225
222311_s_at,NA,-1.1424981051925351
238594_x_at,Unknown,-1.1424898412674025
236409_at,FRAS1,-1.1424630398996694
206179_s_at,Unknown,-1.1423811083713051
237234_at,NA,-1.142328118895714
231468_at,NA,-1.142208900468745
AFFX.r2.Bs.thr.3_s_at,LRRC77P,-1.1421754758157252
217112_at,SHPRH,-1.142125440517401
219765_at,NA,-1.142011847862154
226173_at,"PPP4R1L, NA",-1.1419508784356363
219075_at,CCDC66,-1.1418724334137127
1553885_x_at,Unknown,-1.141815396671423
220743_at,LDLRAD4-AS1,-1.1417772375719304
208951_at,LINC00523,-1.1414829744314001
214465_at,ZNF713,-1.1413989946353262
1568649_at,Unknown,-1.1412679597911688
1567410_at,NA,-1.1412019567145582
216084_at,HCP5B,-1.1411585736557708
212837_at,Unknown,-1.141057083648097
217219_at,"AHCTF1P1, AHCTF1",-1.1409515278299365
203650_at,Unknown,-1.1409462123065266
228015_s_at,SNAI3,-1.140801446631235
218438_s_at,Unknown,-1.1406426170187791
1562282_at,RETREG1-AS1,-1.1404706483993439
228561_at,LINC00941,-1.1404513578881512
224119_at,CELF2-AS1,-1.1403986271513606
205095_s_at,LINC02995,-1.1401135224231806
217269_s_at,NA,-1.1400943479641497
210735_s_at,Unknown,-1.1398590596475773
1563662_at,TMEM44,-1.1397508816874924
211748_x_at,LINC02874,-1.1396575825334265
228363_at,LINC02685,-1.1396105898756368
1554447_at,TMEM95,-1.1395767736188493
210560_at,GPM6A-DT,-1.1395292066169191
1556030_at,NA,-1.1393580570000974
230398_at,FSIP2-AS1,-1.1393106496359038
232674_at,RIPPLY1,-1.139181546265471
222576_s_at,TMCO4,-1.1391545807222152
244767_at,DST,-1.139055513862691
239287_at,HM13-IT1,-1.139039875019676
242203_at,"DMRTC1B, DMRTC1",-1.1389213008707593
216936_at,NA,-1.1387798864903793
1569305_a_at,HIP1,-1.1384202283494333
201891_s_at,C1RL-AS1,-1.1381500936771207
1560514_at,Unknown,-1.13811870952067
225214_at,Unknown,-1.137879437080374
223439_at,Unknown,-1.137808539750524
224579_at,Unknown,-1.1376384483199746
206477_s_at,Unknown,-1.1376284166657589
231518_at,NA,-1.1376049151183376
201296_s_at,Unknown,-1.1375525404816074
208397_x_at,ITGA1,-1.1372731715985738
237823_at,Unknown,-1.1372695261222876
37020_at,LINC00997,-1.137192620323914
235346_at,NA,-1.1368671824412655
233383_at,Unknown,-1.1367474232738641
237619_at,Unknown,-1.136746574580072
213363_at,Unknown,-1.136614123567406
1560435_at,Unknown,-1.1357705559173807
240929_at,LINC00299,-1.1355023347868634
210295_at,NA,-1.135411335422319
1558502_s_at,CFAP54,-1.135288934126514
1566500_at,Unknown,-1.1352399829771493
243881_at,Unknown,-1.1351348066766984
227848_at,CLTA,-1.135030608034523
214218_s_at,ARHGEF1,-1.1346379251872036
218312_s_at,NA,-1.1345932677948336
207055_at,PRR7-AS1,-1.1345693308969247
1554378_a_at,NA,-1.1345367160717768
218345_at,Unknown,-1.1345178826605986
201872_s_at,Unknown,-1.1343854075013207
219916_s_at,NA,-1.1343502481437273
201406_at,PLIN5,-1.1342721263649664
1563030_at,PLIN5,-1.133837597066175
231012_at,NA,-1.1337441711764236
242668_x_at,LINC00705,-1.133561817754991
232996_at,SAMD11,-1.133353357021243
1562944_at,LCNL1,-1.1331040960177585
200733_s_at,CPXCR1,-1.1330174069639944
234712_at,CPXCR1,-1.1330021024696564
214836_x_at,Unknown,-1.132820847159148
202806_at,AWAT1,-1.1327889662772372
1552535_at,LINC01996,-1.132387137979143
208808_s_at,LINC00636,-1.1323464005333521
232869_at,STEAP1B,-1.1322590620923776
219732_at,DLGAP1-AS3,-1.1321728949910557
207212_at,GRAPL,-1.132141320704766
233905_at,Unknown,-1.1321197836474566
230429_at,NFE4,-1.1320656981744552
1565644_at,LCE1B,-1.132000612265656
237857_at,NA,-1.1317279205216197
1557120_at,FGF13-AS1,-1.131685742361981
1559110_at,Unknown,-1.1316129630960399
215467_x_at,MYO18A,-1.1312629349248666
204117_at,OBSCN-AS1,-1.1312260668392249
229131_at,Unknown,-1.131206412712519
238654_at,Unknown,-1.1311286990715623
1559754_at,NA,-1.1309890217872631
242285_at,LINC01333,-1.1309703037973886
239909_at,NA,-1.1308869712550476
209337_at,NA,-1.1308135072898697
1554961_at,SLC16A1-AS1,-1.1307857865558923
231543_at,PRDX5,-1.1307115899574716
1554897_s_at,LINC02683,-1.1306833707141575
1568987_at,NA,-1.1305773017802225
AFFX.ThrX.M_at,Unknown,-1.1305563618165628
231815_at,CEP89,-1.1303859040195234
239106_at,Unknown,-1.130280957521968
1552914_a_at,SPMIP11,-1.1300082152389546
224425_x_at,NA,-1.1299955894923828
201047_x_at,ATP8A1-DT,-1.1295904562221741
1553131_a_at,NA,-1.1294295474054854
1559655_at,NA,-1.1293110229956447
205993_s_at,Unknown,-1.1292155877035075
242616_at,NA,-1.129153526222444
1556507_at,NA,-1.129143848307648
1558626_at,METTL21EP,-1.1290566068008523
1552596_at,Unknown,-1.1290094964756816
205824_at,NA,-1.1288993206945823
213518_at,Unknown,-1.1288898588448517
204021_s_at,TIE1,-1.1288752560783255
237349_at,"NA, WHAMMP4",-1.1287896938416433
235970_at,SCPEP1,-1.128773855288721
208512_s_at,Unknown,-1.1287693227117588
203773_x_at,"NA, KIZ-AS1",-1.1287253969953406
230978_at,Unknown,-1.128633415919214
219994_at,LINC01127,-1.1285523635447479
216034_at,NA,-1.128483103179539
1564584_at,NA,-1.1283798406318575
226263_at,"VSTM2A-OT1, VSTM2A",-1.1281869268224105
240110_at,TRHDE-AS1,-1.1279824105975058
218506_x_at,TMPRSS11B,-1.1277315694479604
1560014_s_at,GDNF-AS1,-1.1276689309715875
1557124_at,LINC02250,-1.1276519793888982
1559926_at,Unknown,-1.1274613441232464
224176_s_at,IL12A-AS1,-1.1273747590576149
212252_at,HEATR4,-1.1273543676080442
235153_at,Unknown,-1.1272947348875781
206695_x_at,Unknown,-1.1272677738737735
232426_at,Unknown,-1.127010781083352
222865_x_at,Unknown,-1.1269937845686382
206176_at,Unknown,-1.1268584929099899
1555585_a_at,FBXW2,-1.1267044192360762
1566471_at,Unknown,-1.12661810107034
215353_at,Unknown,-1.1262952169605012
211717_at,Unknown,-1.126291128175549
236145_at,NA,-1.1262407405388448
237612_at,DLGAP1,-1.1260092864321611
1557639_at,RPSA2,-1.1259398373063407
228484_s_at,"NA, ZNF568",-1.125879639471372
204623_at,DNHD1,-1.1258258570523234
243716_at,NA,-1.1255184794781805
1557862_at,DYRK3,-1.1254615739858453
235564_at,MYO3B,-1.1254095333867955
211806_s_at,IER5,-1.1252789626419903
238987_at,TMEM252-DT,-1.12523829402855
207736_s_at,"TMLHE-AS1, NA",-1.1252331860887215
217867_x_at,Unknown,-1.1250925847752826
229708_at,NA,-1.1247668870115612
1552811_at,Unknown,-1.1247148680177605
209620_s_at,LINC00944,-1.124668840831248
1570167_at,LINC02433,-1.12449222751026
1566231_at,C19orf84,-1.124454629079655
